logid,ts,lat,lng,message,userid,lap,Correct Time
2560,13/05/2023 7:04,-37.79692688,144.9691923,Alert-33 B,gr2.03,5,13/05/2023 17:04
2559,13/05/2023 7:04,-37.79687714,144.9692067,Alert-33 B,gr2.03,5,13/05/2023 17:04
2558,13/05/2023 7:04,-37.79646183,144.9692771,Alert-33 A,gr2.03,5,13/05/2023 17:04
2557,13/05/2023 7:03,-37.79640032,144.9692791,Alert-33 A,gr2.03,5,13/05/2023 17:03
2556,13/05/2023 7:02,-37.79779766,144.9703846,Alert-25 B,gr2.03,5,13/05/2023 17:02
2555,13/05/2023 7:02,-37.79814168,144.9703299,Alert-25 A,gr2.03,5,13/05/2023 17:02
2554,13/05/2023 7:02,-37.79907103,144.9701576,Alert-41 C,gr2.03,5,13/05/2023 17:02
2553,13/05/2023 7:02,-37.79959358,144.9700425,Alert-41 B,gr2.03,5,13/05/2023 17:02
2552,13/05/2023 7:02,-37.80015885,144.969931,Alert-41 A,gr2.03,5,13/05/2023 17:02
2551,13/05/2023 7:02,-37.80023522,144.9699162,Alert-41 A,gr2.03,5,13/05/2023 17:02
2550,13/05/2023 6:48,-37.79694118,144.9691817,Alert-33 B,gr2.03,2,13/05/2023 16:48
2549,13/05/2023 6:48,-37.79689059,144.9691905,Alert-33 B,gr2.03,2,13/05/2023 16:48
2548,13/05/2023 6:48,-37.79645478,144.9692777,Alert-33 A,gr2.03,2,13/05/2023 16:48
2547,13/05/2023 6:48,-37.79640042,144.9692823,Alert-33 A,gr2.03,2,13/05/2023 16:48
2546,13/05/2023 6:47,-37.79779198,144.9703648,Alert-25 B,gr2.03,2,13/05/2023 16:47
2545,13/05/2023 6:46,-37.79817009,144.9703046,Alert-25 A,gr2.03,2,13/05/2023 16:46
2544,13/05/2023 6:46,-37.79909366,144.9701127,Alert-41 C,gr2.03,2,13/05/2023 16:46
2543,13/05/2023 6:46,-37.79961628,144.9700173,Alert-41 B,gr2.03,2,13/05/2023 16:46
2542,13/05/2023 6:46,-37.80020447,144.9699125,Alert-41 A,gr2.03,2,13/05/2023 16:46
2541,13/05/2023 6:42,-37.79642995,144.9692878,Alert-33 A,gr2.03,1,13/05/2023 16:42
2540,13/05/2023 6:41,-37.79812497,144.9703179,Alert-25 A,gr2.03,1,13/05/2023 16:41
2539,13/05/2023 6:41,-37.79819473,144.9702929,Alert-25 A,gr2.03,1,13/05/2023 16:41
2538,13/05/2023 6:40,-37.80023182,144.9699283,Alert-41 A,gr2.03,1,13/05/2023 16:40
2537,13/05/2023 6:21,-37.79691167,144.9691988,Alert-33 B,gr3.10,5,13/05/2023 16:21
2536,13/05/2023 6:21,-37.79643316,144.9692619,Alert-33 A,gr3.10,5,13/05/2023 16:21
2535,13/05/2023 6:20,-37.79777571,144.9703881,Alert-25 B,gr3.10,5,13/05/2023 16:20
2534,13/05/2023 6:20,-37.79813719,144.9703305,Alert-25 A,gr3.10,5,13/05/2023 16:20
2533,13/05/2023 6:20,-37.79906536,144.970122,Alert-41 C,gr3.10,5,13/05/2023 16:20
2532,13/05/2023 6:20,-37.7995838,144.970022,Alert-41 B,gr3.10,5,13/05/2023 16:20
2531,13/05/2023 6:19,-37.80018088,144.9699057,Alert-41 A,gr3.10,5,13/05/2023 16:19
2530,13/05/2023 6:16,-37.79645115,144.9692767,Alert-33 A,gr3.10,4,13/05/2023 16:16
2529,13/05/2023 6:15,-37.79814278,144.9702976,Alert-25 A,gr3.10,4,13/05/2023 16:15
2528,13/05/2023 6:14,-37.80018295,144.9699172,Alert-41 A,gr3.10,4,13/05/2023 16:14
2527,13/05/2023 6:10,-37.79693622,144.9692,Alert-33 B,gr3.130,1,13/05/2023 16:10
2526,13/05/2023 6:10,-37.79690413,144.969204,Alert-33 B,gr3.130,1,13/05/2023 16:10
2525,13/05/2023 6:10,-37.79646911,144.9692809,Alert-33 A,gr3.130,1,13/05/2023 16:10
2524,13/05/2023 6:10,-37.79643611,144.969292,Alert-33 A,gr3.130,1,13/05/2023 16:10
2523,13/05/2023 6:10,-37.79639932,144.9692966,Alert-33 A,gr3.130,1,13/05/2023 16:10
2522,13/05/2023 6:09,-37.79779837,144.9703543,Alert-25 B,gr3.130,1,13/05/2023 16:09
2521,13/05/2023 6:09,-37.79817556,144.9703033,Alert-25 A,gr3.130,1,13/05/2023 16:09
2520,13/05/2023 6:09,-37.79902942,144.9701218,Alert-41 C,gr3.130,1,13/05/2023 16:09
2519,13/05/2023 6:09,-37.79906717,144.9701189,Alert-41 C,gr3.130,1,13/05/2023 16:09
2518,13/05/2023 6:09,-37.79909541,144.9701162,Alert-41 C,gr3.130,1,13/05/2023 16:09
2517,13/05/2023 6:08,-37.79956685,144.9700387,Alert-41 B,gr3.130,1,13/05/2023 16:08
2516,13/05/2023 6:08,-37.80016016,144.9699317,Alert-41 A,gr3.130,1,13/05/2023 16:08
2515,13/05/2023 6:08,-37.80023205,144.9699163,Alert-41 A,gr3.130,1,13/05/2023 16:08
2514,13/05/2023 6:08,-37.7969439,144.9691938,Alert-33 B,gr2.10,2,13/05/2023 16:08
2513,13/05/2023 6:08,-37.7969062,144.9691997,Alert-33 B,gr2.10,2,13/05/2023 16:08
2512,13/05/2023 6:08,-37.7964636,144.9692857,Alert-33 A,gr2.10,2,13/05/2023 16:08
2511,13/05/2023 6:08,-37.7964491,144.9692854,Alert-33 A,gr2.10,2,13/05/2023 16:08
2510,13/05/2023 6:08,-37.7964366,144.9692865,Alert-33 A,gr2.10,2,13/05/2023 16:08
2509,13/05/2023 6:07,-37.7964154,144.969288,Alert-33 A,gr2.10,2,13/05/2023 16:07
2508,13/05/2023 6:07,-37.7964001,144.9692893,Alert-33 A,gr2.10,2,13/05/2023 16:07
2507,13/05/2023 6:06,-37.7978385,144.9703465,Alert-25 B,gr2.10,2,13/05/2023 16:06
2506,13/05/2023 6:06,-37.79750414,144.9703899,BP,gr3.10,2,13/05/2023 16:06
2505,13/05/2023 6:06,-37.79750414,144.9703899,BP,gr3.10,2,13/05/2023 16:06
2504,13/05/2023 6:06,-37.7981263,144.9703253,Alert-25 A,gr2.10,2,13/05/2023 16:06
2503,13/05/2023 6:06,-37.7981977,144.9703222,Alert-25 A,gr2.10,2,13/05/2023 16:06
2502,13/05/2023 6:06,-37.7990737,144.9701397,Alert-41 C,gr2.10,2,13/05/2023 16:06
2501,13/05/2023 6:06,-37.7995789,144.9700436,Alert-41 B,gr2.10,2,13/05/2023 16:06
2500,13/05/2023 6:06,-37.8001579,144.9699385,Alert-41 A,gr2.10,2,13/05/2023 16:06
2499,13/05/2023 6:06,-37.8002198,144.9699281,Alert-41 A,gr2.10,2,13/05/2023 16:06
2498,13/05/2023 6:03,-37.79687926,144.9691905,Alert-33 B,gr3.10,1,13/05/2023 16:03
2497,13/05/2023 6:03,-37.7964699,144.9692683,Alert-33 A,gr3.10,1,13/05/2023 16:03
2496,13/05/2023 6:03,-37.79640677,144.9692659,Alert-33 A,gr3.10,1,13/05/2023 16:03
2495,13/05/2023 6:02,-37.79779168,144.9703443,Alert-25 B,gr3.10,1,13/05/2023 16:02
2494,13/05/2023 6:02,-37.79812066,144.9702909,Alert-25 A,gr3.10,1,13/05/2023 16:02
2493,13/05/2023 6:02,-37.79818707,144.970281,Alert-25 A,gr3.10,1,13/05/2023 16:02
2492,13/05/2023 6:02,-37.79903958,144.9701164,Alert-41 C,gr3.10,1,13/05/2023 16:02
2491,13/05/2023 6:02,-37.79906476,144.9701187,Alert-41 C,gr3.10,1,13/05/2023 16:02
2490,13/05/2023 6:02,-37.79907768,144.9701178,Alert-41 C,gr3.10,1,13/05/2023 16:02
2489,13/05/2023 6:02,-37.7990895,144.9701184,Alert-41 C,gr3.10,1,13/05/2023 16:02
2488,13/05/2023 6:02,-37.79910105,144.9701148,Alert-41 C,gr3.10,1,13/05/2023 16:02
2487,13/05/2023 6:02,-37.79957449,144.9700311,Alert-41 B,gr3.10,1,13/05/2023 16:02
2486,13/05/2023 6:01,-37.80020249,144.9699118,Alert-41 A,gr3.10,1,13/05/2023 16:01
2485,13/05/2023 5:59,-37.7964571,144.9692802,Alert-33 A,gr2.10,1,13/05/2023 15:59
2484,13/05/2023 5:59,-37.7964405,144.969283,Alert-33 A,gr2.10,1,13/05/2023 15:59
2483,13/05/2023 5:59,-37.7964248,144.9692857,Alert-33 A,gr2.10,1,13/05/2023 15:59
2482,13/05/2023 5:59,-37.7964157,144.9692866,Alert-33 A,gr2.10,1,13/05/2023 15:59
2481,13/05/2023 5:57,-37.7981234,144.9703223,Alert-25 A,gr2.10,1,13/05/2023 15:57
2480,13/05/2023 5:57,-37.7981601,144.9703155,Alert-25 A,gr2.10,1,13/05/2023 15:57
2479,13/05/2023 5:57,-37.7982012,144.9703091,Alert-25 A,gr2.10,1,13/05/2023 15:57
2478,13/05/2023 5:57,-37.8001812,144.9699323,Alert-41 A,gr2.10,1,13/05/2023 15:57
2477,13/05/2023 5:51,-37.79692423,144.9692042,Alert-33 B,gr3.10,1,13/05/2023 15:51
2476,13/05/2023 5:51,-37.79641698,144.9692616,Alert-33 A,gr3.10,1,13/05/2023 15:51
2475,13/05/2023 5:48,-37.7964547,144.9692788,Alert-33 A,gr2.10,1,13/05/2023 15:48
2474,13/05/2023 5:48,-37.7964286,144.9692848,Alert-33 A,gr2.10,1,13/05/2023 15:48
2473,13/05/2023 5:48,-37.796409,144.9692877,Alert-33 A,gr2.10,1,13/05/2023 15:48
2472,13/05/2023 5:47,-37.79691661,144.9691919,Alert-33 B,gr1.10,3,13/05/2023 15:47
2471,13/05/2023 5:47,-37.79688064,144.9691974,Alert-33 B,gr1.10,3,13/05/2023 15:47
2470,13/05/2023 5:46,-37.79646055,144.9692699,Alert-33 A,gr1.10,3,13/05/2023 15:46
2469,13/05/2023 5:46,-37.79641524,144.9692765,Alert-33 A,gr1.10,3,13/05/2023 15:46
2468,13/05/2023 5:44,-37.7977884,144.9703657,Alert-25 B,gr1.10,3,13/05/2023 15:44
2467,13/05/2023 5:44,-37.79782519,144.9703517,Alert-25 B,gr1.10,3,13/05/2023 15:44
2466,13/05/2023 5:44,-37.79815401,144.9702865,Alert-25 A,gr1.10,3,13/05/2023 15:44
2465,13/05/2023 5:44,-37.79819599,144.9702774,Alert-25 A,gr1.10,3,13/05/2023 15:44
2464,13/05/2023 5:44,-37.7990393,144.9701128,Alert-41 C,gr1.10,3,13/05/2023 15:44
2463,13/05/2023 5:44,-37.79906599,144.9701087,Alert-41 C,gr1.10,3,13/05/2023 15:44
2462,13/05/2023 5:44,-37.79908719,144.9701044,Alert-41 C,gr1.10,3,13/05/2023 15:44
2461,13/05/2023 5:44,-37.79909898,144.9701012,Alert-41 C,gr1.10,3,13/05/2023 15:44
2460,13/05/2023 5:43,-37.79954226,144.9700279,Alert-41 B,gr1.10,3,13/05/2023 15:43
2459,13/05/2023 5:43,-37.79958927,144.9700205,Alert-41 B,gr1.10,3,13/05/2023 15:43
2458,13/05/2023 5:43,-37.80018891,144.9699188,Alert-41 A,gr1.10,3,13/05/2023 15:43
2457,13/05/2023 5:39,-37.7981388,144.9703034,Alert-25 A,gr2.10,1,13/05/2023 15:39
2456,13/05/2023 5:39,-37.7981843,144.9702892,Alert-25 A,gr2.10,1,13/05/2023 15:39
2455,13/05/2023 5:39,-37.79644514,144.9692746,Alert-33 A,gr1.10,2,13/05/2023 15:39
2454,13/05/2023 5:39,-37.79640015,144.9692806,Alert-33 A,gr1.10,2,13/05/2023 15:39
2453,13/05/2023 5:38,-37.8002085,144.9699358,Alert-41 A,gr2.10,1,13/05/2023 15:38
2452,13/05/2023 5:38,-37.79814754,144.9702866,Alert-25 A,gr1.10,2,13/05/2023 15:38
2451,13/05/2023 5:37,-37.80020189,144.9699122,Alert-41 A,gr1.10,2,13/05/2023 15:37
2450,13/05/2023 5:30,-37.7968924,144.9692047,Alert-33 B,gr2.05,2,13/05/2023 15:30
2449,13/05/2023 5:30,-37.79643656,144.9692938,Alert-33 A,gr2.05,2,13/05/2023 15:30
2448,13/05/2023 5:30,-37.79639444,144.9692938,Alert-33 A,gr2.05,2,13/05/2023 15:30
2447,13/05/2023 5:29,-37.79777716,144.9703615,Alert-25 B,gr2.05,2,13/05/2023 15:29
2446,13/05/2023 5:29,-37.7978317,144.970356,Alert-25 B,gr2.05,2,13/05/2023 15:29
2445,13/05/2023 5:29,-37.79818177,144.9703073,Alert-25 A,gr2.05,2,13/05/2023 15:29
2444,13/05/2023 5:28,-37.79904439,144.9701442,Alert-41 C,gr2.05,2,13/05/2023 15:28
2443,13/05/2023 5:28,-37.79956152,144.9700601,Alert-41 B,gr2.05,2,13/05/2023 15:28
2442,13/05/2023 5:28,-37.80019346,144.9699339,Alert-41 A,gr2.05,2,13/05/2023 15:28
2441,13/05/2023 5:24,-37.79644468,144.9692978,Alert-33 A,gr2.05,1,13/05/2023 15:24
2440,13/05/2023 5:24,-37.79640269,144.9693052,Alert-33 A,gr2.05,1,13/05/2023 15:24
2439,13/05/2023 5:22,-37.79814362,144.9703128,Alert-25 A,gr2.05,1,13/05/2023 15:22
2438,13/05/2023 5:22,-37.80018871,144.9699376,Alert-41 A,gr2.05,1,13/05/2023 15:22
2437,13/05/2023 5:07,-37.79746396,144.970375,BP,gr2.07,3,13/05/2023 15:07
2436,13/05/2023 5:07,-37.79746396,144.970375,BP,gr2.07,3,13/05/2023 15:07
2435,13/05/2023 5:00,-37.79692846,144.9691385,Alert-33 B,gr2.07,2,13/05/2023 15:00
2434,13/05/2023 5:00,-37.79689123,144.9691495,Alert-33 B,gr2.07,2,13/05/2023 15:00
2433,13/05/2023 4:59,-37.79646427,144.9692769,Alert-33 A,gr2.07,2,13/05/2023 14:59
2432,13/05/2023 4:59,-37.79643589,144.9692836,Alert-33 A,gr2.07,2,13/05/2023 14:59
2431,13/05/2023 4:59,-37.79640303,144.9692946,Alert-33 A,gr2.07,2,13/05/2023 14:59
2430,13/05/2023 4:58,-37.79780844,144.9704433,Alert-25 B,gr2.07,2,13/05/2023 14:58
2429,13/05/2023 4:58,-37.79783533,144.9704473,Alert-25 B,gr2.07,2,13/05/2023 14:58
2428,13/05/2023 4:58,-37.79815416,144.9704184,Alert-25 A,gr2.07,2,13/05/2023 14:58
2427,13/05/2023 4:58,-37.79820465,144.9704018,Alert-25 A,gr2.07,2,13/05/2023 14:58
2426,13/05/2023 4:57,-37.79904356,144.9702,Alert-41 C,gr2.07,2,13/05/2023 14:57
2425,13/05/2023 4:57,-37.79910623,144.9701941,Alert-41 C,gr2.07,2,13/05/2023 14:57
2424,13/05/2023 4:57,-37.79958784,144.9700945,Alert-41 B,gr2.07,2,13/05/2023 14:57
2423,13/05/2023 4:57,-37.80019714,144.9699333,Alert-41 A,gr2.07,2,13/05/2023 14:57
2422,13/05/2023 4:51,-37.7989768,144.9701727,Faraday st,gr2.06,6,13/05/2023 14:51
2421,13/05/2023 4:51,-37.7989768,144.9701727,Faraday st,gr2.06,6,13/05/2023 14:51
2420,13/05/2023 4:51,-37.79647671,144.9693126,Alert-33 A,gr2.07,1,13/05/2023 14:51
2419,13/05/2023 4:51,-37.79645038,144.9693264,Alert-33 A,gr2.07,1,13/05/2023 14:51
2418,13/05/2023 4:51,-37.79642349,144.9693361,Alert-33 A,gr2.07,1,13/05/2023 14:51
2417,13/05/2023 4:50,-37.79812943,144.9703023,Alert-25 A,gr2.07,1,13/05/2023 14:50
2416,13/05/2023 4:50,-37.79819807,144.9702981,Alert-25 A,gr2.07,1,13/05/2023 14:50
2415,13/05/2023 4:48,-37.80016913,144.9699417,Alert-41 A,gr2.07,1,13/05/2023 14:48
2414,13/05/2023 4:48,-37.80022864,144.9699358,Alert-41 A,gr2.07,1,13/05/2023 14:48
2413,13/05/2023 4:48,-37.796898,144.9691826,Alert-33 B,gr2.06,5,13/05/2023 14:48
2412,13/05/2023 4:48,-37.79645364,144.9692524,Alert-33 A,gr2.06,5,13/05/2023 14:48
2411,13/05/2023 4:47,-37.79778411,144.9703868,Alert-25 B,gr2.06,5,13/05/2023 14:47
2410,13/05/2023 4:47,-37.79779841,144.9703845,Alert-25 B,gr2.06,5,13/05/2023 14:47
2409,13/05/2023 4:47,-37.79780869,144.9703829,Alert-25 B,gr2.06,5,13/05/2023 14:47
2408,13/05/2023 4:47,-37.79781986,144.9703811,Alert-25 B,gr2.06,5,13/05/2023 14:47
2407,13/05/2023 4:47,-37.79784212,144.9703776,Alert-25 B,gr2.06,5,13/05/2023 14:47
2406,13/05/2023 4:47,-37.79817764,144.9703243,Alert-25 A,gr2.06,5,13/05/2023 14:47
2405,13/05/2023 4:47,-37.79910636,144.9701047,Alert-41 C,gr2.06,5,13/05/2023 14:47
2404,13/05/2023 4:47,-37.79954488,144.9700267,Alert-41 B,gr2.06,5,13/05/2023 14:47
2403,13/05/2023 4:47,-37.80022444,144.9699029,Alert-41 A,gr2.06,5,13/05/2023 14:47
2402,13/05/2023 4:31,-37.79691123,144.9691785,Alert-33 B,gr4.01,5,13/05/2023 14:31
2401,13/05/2023 4:31,-37.79640775,144.9692506,Alert-33 A,gr4.01,5,13/05/2023 14:31
2400,13/05/2023 4:30,-37.79694216,144.9691777,Alert-33 B,gr2.06,2,13/05/2023 14:30
2399,13/05/2023 4:30,-37.79689996,144.9691828,Alert-33 B,gr2.06,2,13/05/2023 14:30
2398,13/05/2023 4:30,-37.79780854,144.9703586,Alert-25 B,gr4.01,5,13/05/2023 14:30
2397,13/05/2023 4:30,-37.79644451,144.969261,Alert-33 A,gr2.06,2,13/05/2023 14:30
2396,13/05/2023 4:30,-37.79814479,144.9703156,Alert-25 A,gr4.01,5,13/05/2023 14:30
2395,13/05/2023 4:30,-37.79910183,144.9701133,Alert-41 C,gr4.01,5,13/05/2023 14:30
2394,13/05/2023 4:30,-37.79961561,144.9700246,Alert-41 B,gr4.01,5,13/05/2023 14:30
2393,13/05/2023 4:30,-37.80020159,144.9699408,Alert-41 A,gr4.01,5,13/05/2023 14:30
2392,13/05/2023 4:29,-37.7978328,144.9703791,Alert-25 B,gr2.06,2,13/05/2023 14:29
2391,13/05/2023 4:29,-37.79817792,144.9703243,Alert-25 A,gr2.06,2,13/05/2023 14:29
2390,13/05/2023 4:29,-37.79908609,144.9701552,Alert-41 C,gr2.06,2,13/05/2023 14:29
2389,13/05/2023 4:29,-37.79954581,144.9700223,Alert-41 B,gr2.06,2,13/05/2023 14:29
2388,13/05/2023 4:29,-37.80019253,144.9699059,Alert-41 A,gr2.06,2,13/05/2023 14:29
2387,13/05/2023 4:27,-37.79688904,144.9691757,Alert-33 B,gr4.01,4,13/05/2023 14:27
2386,13/05/2023 4:27,-37.79643181,144.9692252,Alert-33 A,gr4.01,4,13/05/2023 14:27
2385,13/05/2023 4:26,-37.79779308,144.9703554,Alert-25 B,gr4.01,4,13/05/2023 14:26
2384,13/05/2023 4:26,-37.79817643,144.9702797,Alert-25 A,gr4.01,4,13/05/2023 14:26
2383,13/05/2023 4:26,-37.79910135,144.9701064,Alert-41 C,gr4.01,4,13/05/2023 14:26
2382,13/05/2023 4:26,-37.79960782,144.9700199,Alert-41 B,gr4.01,4,13/05/2023 14:26
2381,13/05/2023 4:26,-37.80015754,144.9699279,Alert-41 A,gr4.01,4,13/05/2023 14:26
2380,13/05/2023 4:24,-37.79646069,144.9692418,Alert-33 A,gr2.06,1,13/05/2023 14:24
2379,13/05/2023 4:24,-37.79641309,144.9692506,Alert-33 A,gr2.06,1,13/05/2023 14:24
2378,13/05/2023 4:23,-37.79642592,144.9692431,Alert-33 A,gr4.01,3,13/05/2023 14:23
2377,13/05/2023 4:22,-37.7981287,144.9702894,Alert-25 A,gr2.06,1,13/05/2023 14:22
2376,13/05/2023 4:22,-37.79819787,144.9702815,Alert-25 A,gr2.06,1,13/05/2023 14:22
2375,13/05/2023 4:22,-37.80018209,144.9699121,Alert-41 A,gr2.06,1,13/05/2023 14:22
2374,13/05/2023 4:22,-37.80017862,144.9699195,Alert-41 A,gr4.01,3,13/05/2023 14:22
2373,13/05/2023 3:47,-37.7969126,144.9691861,Alert-33 B,gr2.01,5,13/05/2023 13:47
2372,13/05/2023 3:47,-37.7964586,144.9692526,Alert-33 A,gr2.01,5,13/05/2023 13:47
2371,13/05/2023 3:47,-37.7963937,144.9692542,Alert-33 A,gr2.01,5,13/05/2023 13:47
2370,13/05/2023 3:45,-37.7977992,144.9703668,Alert-25 B,gr2.01,5,13/05/2023 13:45
2369,13/05/2023 3:45,-37.7981419,144.9703103,Alert-25 A,gr2.01,5,13/05/2023 13:45
2368,13/05/2023 3:45,-37.7990817,144.9701162,Alert-41 C,gr2.01,5,13/05/2023 13:45
2367,13/05/2023 3:44,-37.7996041,144.9700375,Alert-41 B,gr2.01,5,13/05/2023 13:44
2366,13/05/2023 3:44,-37.8001576,144.9699496,Alert-41 A,gr2.01,5,13/05/2023 13:44
2365,13/05/2023 3:44,-37.8002376,144.9699409,Alert-41 A,gr2.01,5,13/05/2023 13:44
2364,13/05/2023 3:39,-37.7981799,144.970324,Alert-25 A,gr3.04,5,13/05/2023 13:39
2363,13/05/2023 3:39,-37.79907242,144.9701281,Alert-41 C,gr3.04,5,13/05/2023 13:39
2362,13/05/2023 3:39,-37.79961527,144.9700814,Alert-41 B,gr3.04,5,13/05/2023 13:39
2361,13/05/2023 3:39,-37.80017238,144.9699335,Alert-41 A,gr3.04,5,13/05/2023 13:39
2360,13/05/2023 3:35,-37.79693502,144.9692013,Alert-33 B,gr3.04,5,13/05/2023 13:35
2359,13/05/2023 3:35,-37.7964537,144.9692412,Alert-33 A,gr3.04,5,13/05/2023 13:35
2358,13/05/2023 3:34,-37.79814835,144.9703109,Alert-25 A,gr3.04,4,13/05/2023 13:34
2357,13/05/2023 3:30,-37.7968924,144.9692109,Alert-33 B,gr2.01,2,13/05/2023 13:30
2356,13/05/2023 3:30,-37.79641143,144.9692413,Alert-33 A,gr3.04,4,13/05/2023 13:30
2355,13/05/2023 3:30,-37.7964248,144.969256,Alert-33 A,gr2.01,2,13/05/2023 13:30
2354,13/05/2023 3:29,-37.7978177,144.9703416,Alert-25 B,gr2.01,2,13/05/2023 13:29
2353,13/05/2023 3:29,-37.7981359,144.9702788,Alert-25 A,gr2.01,2,13/05/2023 13:29
2352,13/05/2023 3:29,-37.7990839,144.9701353,Alert-41 C,gr2.01,2,13/05/2023 13:29
2351,13/05/2023 3:29,-37.7995515,144.9700472,Alert-41 B,gr2.01,2,13/05/2023 13:29
2350,13/05/2023 3:29,-37.8001831,144.9699361,Alert-41 A,gr2.01,2,13/05/2023 13:29
2349,13/05/2023 3:25,-37.7964089,144.9692525,Alert-33 A,gr2.01,1,13/05/2023 13:25
2348,13/05/2023 3:25,-37.7981252,144.9702601,Alert-25 A,gr2.01,1,13/05/2023 13:25
2347,13/05/2023 3:25,-37.7981925,144.9702593,Alert-25 A,gr2.01,1,13/05/2023 13:25
2346,13/05/2023 3:24,-37.8002286,144.9698858,Alert-41 A,gr2.01,1,13/05/2023 13:24
2345,13/05/2023 3:16,-37.79784197,144.9703776,Alert-25 B,gr3.04,1,13/05/2023 13:16
2344,13/05/2023 3:16,-37.7981418,144.9703298,Alert-25 A,gr3.04,1,13/05/2023 13:16
2343,13/05/2023 3:16,-37.79908863,144.9701548,Alert-41 C,gr3.04,1,13/05/2023 13:16
2342,13/05/2023 3:16,-37.80020824,144.9699111,Alert-41 A,gr3.04,1,13/05/2023 13:16
2341,13/05/2023 3:13,-37.79691352,144.9691899,Alert-33 B,gr3.04,1,13/05/2023 13:13
2340,13/05/2023 3:13,-37.7964339,144.9692684,Alert-33 A,gr3.04,1,13/05/2023 13:13
2339,13/05/2023 3:11,-37.79777904,144.9703499,Alert-25 B,gr3.04,1,13/05/2023 13:11
2338,13/05/2023 3:11,-37.797845,144.970341,Alert-25 B,gr3.04,1,13/05/2023 13:11
2337,13/05/2023 3:11,-37.79815274,144.9702865,Alert-25 A,gr3.04,1,13/05/2023 13:11
2336,13/05/2023 3:11,-37.79903957,144.9701303,Alert-41 C,gr3.04,1,13/05/2023 13:11
2335,13/05/2023 3:11,-37.79906314,144.9701216,Alert-41 C,gr3.04,1,13/05/2023 13:11
2334,13/05/2023 3:11,-37.79907454,144.9701123,Alert-41 C,gr3.04,1,13/05/2023 13:11
2333,13/05/2023 3:11,-37.79908504,144.970115,Alert-41 C,gr3.04,1,13/05/2023 13:11
2332,13/05/2023 3:11,-37.79910531,144.9701117,Alert-41 C,gr3.04,1,13/05/2023 13:11
2331,13/05/2023 3:11,-37.79960758,144.9700326,Alert-41 B,gr3.04,1,13/05/2023 13:11
2330,13/05/2023 3:10,-37.80017589,144.9699132,Alert-41 A,gr3.04,1,13/05/2023 13:10
2329,13/05/2023 3:08,-37.79751789,144.9704355,BP,gr1.03,4,13/05/2023 13:08
2328,13/05/2023 3:04,-37.79694029,144.9691685,Alert-33 B,gr1.03,3,13/05/2023 13:04
2327,13/05/2023 3:04,-37.79689398,144.969176,Alert-33 B,gr1.03,3,13/05/2023 13:04
2326,13/05/2023 3:04,-37.79645447,144.9692904,Alert-33 A,gr1.03,3,13/05/2023 13:04
2325,13/05/2023 3:04,-37.79639869,144.9692919,Alert-33 A,gr1.03,3,13/05/2023 13:04
2324,13/05/2023 3:03,-37.79779367,144.9703853,Alert-25 B,gr1.03,3,13/05/2023 13:03
2323,13/05/2023 3:03,-37.79815981,144.9703071,Alert-25 A,gr1.03,3,13/05/2023 13:03
2322,13/05/2023 3:03,-37.79907129,144.9701102,Alert-41 C,gr1.03,3,13/05/2023 13:03
2321,13/05/2023 3:03,-37.79954954,144.9700358,Alert-41 B,gr1.03,3,13/05/2023 13:03
2320,13/05/2023 3:03,-37.80016317,144.9699163,Alert-41 A,gr1.03,3,13/05/2023 13:03
2319,13/05/2023 3:03,-37.80023075,144.969908,Alert-41 A,gr1.03,3,13/05/2023 13:03
2318,13/05/2023 2:59,-37.79641345,144.9691996,Alert-33 A,gr1.03,2,13/05/2023 12:59
2317,13/05/2023 2:59,-37.79819983,144.9703209,Alert-25 A,gr1.03,2,13/05/2023 12:59
2316,13/05/2023 2:58,-37.80021422,144.969896,Alert-41 A,gr1.03,2,13/05/2023 12:58
2315,13/05/2023 2:53,-37.7964631,144.969253,Alert-33 A,gr3.06,4,13/05/2023 12:53
2314,13/05/2023 2:53,-37.7964102,144.9692583,Alert-33 A,gr3.06,4,13/05/2023 12:53
2313,13/05/2023 2:52,-37.7981357,144.9703105,Alert-25 A,gr3.06,4,13/05/2023 12:52
2312,13/05/2023 2:52,-37.8001862,144.9699351,Alert-41 A,gr3.06,4,13/05/2023 12:52
2311,13/05/2023 2:35,-37.7968911,144.9691852,Alert-33 B,gr3.06,1,13/05/2023 12:35
2310,13/05/2023 2:35,-37.7964433,144.9692592,Alert-33 A,gr3.06,1,13/05/2023 12:35
2309,13/05/2023 2:34,-37.7978015,144.9703624,Alert-25 B,gr3.06,1,13/05/2023 12:34
2308,13/05/2023 2:34,-37.7981434,144.9703019,Alert-25 A,gr3.06,1,13/05/2023 12:34
2307,13/05/2023 2:34,-37.7990384,144.9701308,Alert-41 C,gr3.06,1,13/05/2023 12:34
2306,13/05/2023 2:34,-37.7990521,144.9701319,Alert-41 C,gr3.06,1,13/05/2023 12:34
2305,13/05/2023 2:34,-37.7990675,144.9701329,Alert-41 C,gr3.06,1,13/05/2023 12:34
2304,13/05/2023 2:34,-37.7990807,144.9701291,Alert-41 C,gr3.06,1,13/05/2023 12:34
2303,13/05/2023 2:34,-37.7990895,144.970126,Alert-41 C,gr3.06,1,13/05/2023 12:34
2302,13/05/2023 2:34,-37.7990997,144.9701227,Alert-41 C,gr3.06,1,13/05/2023 12:34
2301,13/05/2023 2:33,-37.7995759,144.9700464,Alert-41 B,gr3.06,1,13/05/2023 12:33
2300,13/05/2023 2:33,-37.8001665,144.9699501,Alert-41 A,gr3.06,1,13/05/2023 12:33
2299,13/05/2023 2:30,-37.7969416,144.9691736,Alert-33 B,gr4.09,4,13/05/2023 12:30
2298,13/05/2023 2:30,-37.7969067,144.96918,Alert-33 B,gr4.09,4,13/05/2023 12:30
2297,13/05/2023 2:30,-37.7968875,144.9691828,Alert-33 B,gr4.09,4,13/05/2023 12:30
2296,13/05/2023 2:30,-37.7964544,144.9692566,Alert-33 A,gr4.09,4,13/05/2023 12:30
2295,13/05/2023 2:30,-37.7964072,144.9692516,Alert-33 A,gr4.09,4,13/05/2023 12:30
2294,13/05/2023 2:28,-37.7977905,144.9703655,Alert-25 B,gr4.09,4,13/05/2023 12:28
2293,13/05/2023 2:28,-37.7978431,144.970368,Alert-25 B,gr4.09,4,13/05/2023 12:28
2292,13/05/2023 2:28,-37.7981598,144.9702757,Alert-25 A,gr4.09,4,13/05/2023 12:28
2291,13/05/2023 2:27,-37.799034,144.9701399,Alert-41 C,gr4.09,4,13/05/2023 12:27
2290,13/05/2023 2:27,-37.7990941,144.9701136,Alert-41 C,gr4.09,4,13/05/2023 12:27
2289,13/05/2023 2:27,-37.7995821,144.9700422,Alert-41 B,gr4.09,4,13/05/2023 12:27
2288,13/05/2023 2:27,-37.8001723,144.9698435,Alert-41 A,gr4.09,4,13/05/2023 12:27
2287,13/05/2023 2:23,-37.7964724,144.9692801,Alert-33 A,gr4.09,3,13/05/2023 12:23
2286,13/05/2023 2:23,-37.7964519,144.9692836,Alert-33 A,gr4.09,3,13/05/2023 12:23
2285,13/05/2023 2:23,-37.7964307,144.9692887,Alert-33 A,gr4.09,3,13/05/2023 12:23
2284,13/05/2023 2:23,-37.7964138,144.9692887,Alert-33 A,gr4.09,3,13/05/2023 12:23
2283,13/05/2023 2:23,-37.796404,144.9692865,Alert-33 A,gr4.09,3,13/05/2023 12:23
2282,13/05/2023 2:22,-37.7981269,144.9702049,Alert-25 A,gr4.09,3,13/05/2023 12:22
2281,13/05/2023 2:21,-37.7981695,144.9701943,Alert-25 A,gr4.09,3,13/05/2023 12:21
2280,13/05/2023 2:21,-37.8001944,144.969901,Alert-41 A,gr4.09,3,13/05/2023 12:21
2279,13/05/2023 2:00,-37.7964498,144.9692718,Alert-33 A,gr3.02,4,13/05/2023 12:00
2278,13/05/2023 2:00,-37.7964331,144.9692741,Alert-33 A,gr3.02,4,13/05/2023 12:00
2277,13/05/2023 2:00,-37.7964082,144.9692758,Alert-33 A,gr3.02,4,13/05/2023 12:00
2276,13/05/2023 1:59,-37.7981269,144.9702883,Alert-25 A,gr3.02,4,13/05/2023 11:59
2275,13/05/2023 1:59,-37.7981878,144.9702812,Alert-25 A,gr3.02,4,13/05/2023 11:59
2274,13/05/2023 1:58,-37.8002165,144.9699239,Alert-41 A,gr3.02,4,13/05/2023 11:58
2273,13/05/2023 1:52,-37.79690103,144.9691988,Alert-33 B,gr4.03,4,13/05/2023 11:52
2272,13/05/2023 1:52,-37.79647188,144.9692676,Alert-33 A,gr4.03,4,13/05/2023 11:52
2271,13/05/2023 1:52,-37.79642301,144.9692776,Alert-33 A,gr4.03,4,13/05/2023 11:52
2270,13/05/2023 1:52,-37.7969352,144.9691961,Alert-33 B,gr3.09,5,13/05/2023 11:52
2269,13/05/2023 1:52,-37.7964541,144.9692651,Alert-33 A,gr3.09,5,13/05/2023 11:52
2268,13/05/2023 1:52,-37.7963961,144.9692697,Alert-33 A,gr3.09,5,13/05/2023 11:52
2267,13/05/2023 1:51,-37.79781115,144.9703553,Alert-25 B,gr4.03,4,13/05/2023 11:51
2266,13/05/2023 1:51,-37.79817465,144.9703004,Alert-25 A,gr4.03,4,13/05/2023 11:51
2265,13/05/2023 1:51,-37.79909302,144.9701234,Alert-41 C,gr4.03,4,13/05/2023 11:51
2264,13/05/2023 1:51,-37.79954622,144.9700394,Alert-41 B,gr4.03,4,13/05/2023 11:51
2263,13/05/2023 1:51,-37.79962174,144.9700327,Alert-41 B,gr4.03,4,13/05/2023 11:51
2262,13/05/2023 1:51,-37.80019085,144.9699351,Alert-41 A,gr4.03,4,13/05/2023 11:51
2261,13/05/2023 1:51,-37.7977911,144.9703635,Alert-25 B,gr3.09,5,13/05/2023 11:51
2260,13/05/2023 1:51,-37.7978462,144.9703535,Alert-25 B,gr3.09,5,13/05/2023 11:51
2259,13/05/2023 1:50,-37.798164,144.9703031,Alert-25 A,gr3.09,5,13/05/2023 11:50
2258,13/05/2023 1:50,-37.7990445,144.9701355,Alert-41 C,gr3.09,5,13/05/2023 11:50
2257,13/05/2023 1:50,-37.7995626,144.9700443,Alert-41 B,gr3.09,5,13/05/2023 11:50
2256,13/05/2023 1:50,-37.8001975,144.9699306,Alert-41 A,gr3.09,5,13/05/2023 11:50
2255,13/05/2023 1:46,-37.79644065,144.969278,Alert-33 A,gr4.03,3,13/05/2023 11:46
2254,13/05/2023 1:46,-37.79639563,144.9692808,Alert-33 A,gr4.03,3,13/05/2023 11:46
2253,13/05/2023 1:46,-37.7964252,144.9692659,Alert-33 A,gr3.09,4,13/05/2023 11:46
2252,13/05/2023 1:45,-37.7981665,144.9702995,Alert-25 A,gr4.03,3,13/05/2023 11:45
2251,13/05/2023 1:44,-37.7981813,144.9702979,Alert-25 A,gr3.09,4,13/05/2023 11:44
2250,13/05/2023 1:44,-37.80016336,144.9699321,Alert-41 A,gr4.03,3,13/05/2023 11:44
2249,13/05/2023 1:44,-37.80023049,144.9699228,Alert-41 A,gr4.03,3,13/05/2023 11:44
2248,13/05/2023 1:44,-37.8002248,144.9699273,Alert-41 A,gr3.09,4,13/05/2023 11:44
2247,13/05/2023 1:37,-37.796912,144.9692031,Alert-33 B,gr3.02,1,13/05/2023 11:37
2246,13/05/2023 1:37,-37.7964527,144.9692682,Alert-33 A,gr3.02,1,13/05/2023 11:37
2245,13/05/2023 1:37,-37.7964142,144.9692724,Alert-33 A,gr3.02,1,13/05/2023 11:37
2244,13/05/2023 1:36,-37.797771,144.9703399,Alert-25 B,gr3.02,1,13/05/2023 11:36
2243,13/05/2023 1:36,-37.797837,144.9703268,Alert-25 B,gr3.02,1,13/05/2023 11:36
2242,13/05/2023 1:36,-37.7981635,144.9702722,Alert-25 A,gr3.02,1,13/05/2023 11:36
2241,13/05/2023 1:36,-37.7990597,144.9701073,Alert-41 C,gr3.02,1,13/05/2023 11:36
2240,13/05/2023 1:36,-37.7996061,144.9700374,Alert-41 B,gr3.02,1,13/05/2023 11:36
2239,13/05/2023 1:36,-37.8001621,144.9699319,Alert-41 A,gr3.02,1,13/05/2023 11:36
2238,13/05/2023 1:36,-37.8002278,144.9699227,Alert-41 A,gr3.02,1,13/05/2023 11:36
2237,13/05/2023 1:29,-37.7969285,144.9692053,Alert-33 B,gr3.09,1,13/05/2023 11:29
2236,13/05/2023 1:29,-37.7968774,144.9692139,Alert-33 B,gr3.09,1,13/05/2023 11:29
2235,13/05/2023 1:28,-37.7964396,144.9692766,Alert-33 A,gr3.09,1,13/05/2023 11:28
2234,13/05/2023 1:28,-37.7977746,144.9703661,Alert-25 B,gr3.09,1,13/05/2023 11:28
2233,13/05/2023 1:28,-37.7981598,144.9703003,Alert-25 A,gr3.09,1,13/05/2023 11:28
2232,13/05/2023 1:27,-37.7990427,144.9701343,Alert-41 C,gr3.09,1,13/05/2023 11:27
2231,13/05/2023 1:27,-37.7990639,144.9701312,Alert-41 C,gr3.09,1,13/05/2023 11:27
2230,13/05/2023 1:27,-37.7991029,144.9701281,Alert-41 C,gr3.09,1,13/05/2023 11:27
2229,13/05/2023 1:27,-37.7991078,144.9701239,Alert-41 C,gr3.09,1,13/05/2023 11:27
2228,13/05/2023 1:27,-37.7995755,144.9700385,Alert-41 B,gr3.09,1,13/05/2023 11:27
2227,13/05/2023 1:27,-37.8001958,144.9699307,Alert-41 A,gr3.09,1,13/05/2023 11:27
2226,13/05/2023 0:49,-37.79693848,144.9691992,Alert-33 B,gr4.08,4,13/05/2023 10:49
2225,13/05/2023 0:49,-37.79690262,144.969204,Alert-33 B,gr4.08,4,13/05/2023 10:49
2224,13/05/2023 0:49,-37.79643263,144.9692762,Alert-33 A,gr4.08,4,13/05/2023 10:49
2223,13/05/2023 0:49,-37.79639271,144.9692797,Alert-33 A,gr4.08,4,13/05/2023 10:49
2222,13/05/2023 0:49,-37.79646974,144.9692709,Alert-33 A,gr3.08,4,13/05/2023 10:49
2221,13/05/2023 0:49,-37.79642547,144.9692717,Alert-33 A,gr3.08,4,13/05/2023 10:49
2220,13/05/2023 0:47,-37.79777406,144.9703498,Alert-25 B,gr4.08,4,13/05/2023 10:47
2219,13/05/2023 0:47,-37.79780098,144.9703466,Alert-25 B,gr4.08,4,13/05/2023 10:47
2218,13/05/2023 0:47,-37.79783138,144.9703453,Alert-25 B,gr4.08,4,13/05/2023 10:47
2217,13/05/2023 0:47,-37.79814793,144.9702847,Alert-25 A,gr4.08,4,13/05/2023 10:47
2216,13/05/2023 0:47,-37.79817274,144.9702895,Alert-25 A,gr3.08,4,13/05/2023 10:47
2215,13/05/2023 0:47,-37.79905445,144.970121,Alert-41 C,gr4.08,4,13/05/2023 10:47
2214,13/05/2023 0:47,-37.79957742,144.9700364,Alert-41 B,gr4.08,4,13/05/2023 10:47
2213,13/05/2023 0:47,-37.80019001,144.969916,Alert-41 A,gr4.08,4,13/05/2023 10:47
2212,13/05/2023 0:47,-37.8001977,144.9699271,Alert-41 A,gr3.08,4,13/05/2023 10:47
2211,13/05/2023 0:42,-37.79717992,144.9691653,Bp left,gr2.09,3,13/05/2023 10:42
2210,13/05/2023 0:42,-37.79693132,144.9691837,Alert-33 B,gr1.09,3,13/05/2023 10:42
2209,13/05/2023 0:42,-37.79688735,144.9691927,Alert-33 B,gr1.09,3,13/05/2023 10:42
2208,13/05/2023 0:42,-37.79643332,144.9692839,Alert-33 A,gr4.08,3,13/05/2023 10:42
2207,13/05/2023 0:42,-37.7963945,144.9692864,Alert-33 A,gr4.08,3,13/05/2023 10:42
2206,13/05/2023 0:42,-37.79645188,144.9692626,Alert-33 A,gr1.09,3,13/05/2023 10:42
2205,13/05/2023 0:42,-37.79640525,144.9692794,Alert-33 A,gr1.09,3,13/05/2023 10:42
2204,13/05/2023 0:41,-37.79779161,144.9703375,Alert-25 B,gr1.09,3,13/05/2023 10:41
2203,13/05/2023 0:41,-37.79816656,144.9702811,Alert-25 A,gr1.09,3,13/05/2023 10:41
2202,13/05/2023 0:41,-37.79814452,144.9702765,Alert-25 A,gr4.08,3,13/05/2023 10:41
2201,13/05/2023 0:41,-37.79904858,144.970127,Alert-41 C,gr1.09,3,13/05/2023 10:41
2200,13/05/2023 0:41,-37.79908479,144.9701183,Alert-41 C,gr1.09,3,13/05/2023 10:41
2199,13/05/2023 0:41,-37.79910542,144.9701219,Alert-41 C,gr1.09,3,13/05/2023 10:41
2198,13/05/2023 0:40,-37.79960388,144.9700827,Alert-41 B,gr1.09,3,13/05/2023 10:40
2197,13/05/2023 0:40,-37.80017228,144.9699207,Alert-41 A,gr4.08,3,13/05/2023 10:40
2196,13/05/2023 0:40,-37.80021189,144.9699138,Alert-41 A,gr1.09,3,13/05/2023 10:40
2195,13/05/2023 0:36,-37.7969301,144.9691763,Alert-33 B,gr2.08,2,13/05/2023 10:36
2194,13/05/2023 0:36,-37.7969067,144.9691824,Alert-33 B,gr2.08,2,13/05/2023 10:36
2193,13/05/2023 0:36,-37.7968807,144.9691878,Alert-33 B,gr2.08,2,13/05/2023 10:36
2192,13/05/2023 0:36,-37.7964724,144.9692863,Alert-33 A,gr2.08,2,13/05/2023 10:36
2191,13/05/2023 0:36,-37.79645389,144.9692567,Alert-33 A,gr1.09,2,13/05/2023 10:36
2190,13/05/2023 0:36,-37.79641344,144.9692658,Alert-33 A,gr1.09,2,13/05/2023 10:36
2189,13/05/2023 0:35,-37.79693788,144.9691966,Alert-33 B,gr2.09,2,13/05/2023 10:35
2188,13/05/2023 0:35,-37.79692503,144.9692037,Alert-33 B,gr2.09,2,13/05/2023 10:35
2187,13/05/2023 0:35,-37.79690876,144.9692129,Alert-33 B,gr2.09,2,13/05/2023 10:35
2186,13/05/2023 0:35,-37.79689502,144.9692151,Alert-33 B,gr2.09,2,13/05/2023 10:35
2185,13/05/2023 0:35,-37.79688267,144.969213,Alert-33 B,gr2.09,2,13/05/2023 10:35
2184,13/05/2023 0:35,-37.7964422,144.9692883,Alert-33 A,gr2.08,2,13/05/2023 10:35
2183,13/05/2023 0:35,-37.7964687,144.9692726,Alert-33 A,gr2.09,2,13/05/2023 10:35
2182,13/05/2023 0:34,-37.7964322,144.9692868,Alert-33 A,gr2.08,2,13/05/2023 10:34
2181,13/05/2023 0:34,-37.79644115,144.9692751,Alert-33 A,gr2.09,2,13/05/2023 10:34
2180,13/05/2023 0:34,-37.7964168,144.9692835,Alert-33 A,gr2.08,2,13/05/2023 10:34
2179,13/05/2023 0:34,-37.79641819,144.9692802,Alert-33 A,gr2.09,2,13/05/2023 10:34
2178,13/05/2023 0:34,-37.7964059,144.9692803,Alert-33 A,gr2.08,2,13/05/2023 10:34
2177,13/05/2023 0:34,-37.7963968,144.9692798,Alert-33 A,gr2.08,2,13/05/2023 10:34
2176,13/05/2023 0:34,-37.79814153,144.9702941,Alert-25 A,gr1.09,2,13/05/2023 10:34
2175,13/05/2023 0:34,-37.79819542,144.9702851,Alert-25 A,gr1.09,2,13/05/2023 10:34
2174,13/05/2023 0:33,-37.7977927,144.9703606,Alert-25 B,gr2.08,2,13/05/2023 10:33
2173,13/05/2023 0:33,-37.79781098,144.9703426,Alert-25 B,gr2.09,2,13/05/2023 10:33
2172,13/05/2023 0:33,-37.7978378,144.9703547,Alert-25 B,gr2.08,2,13/05/2023 10:33
2171,13/05/2023 0:33,-37.79813151,144.9702896,Alert-25 A,gr2.09,2,13/05/2023 10:33
2170,13/05/2023 0:33,-37.7981499,144.9702921,Alert-25 A,gr2.08,2,13/05/2023 10:33
2169,13/05/2023 0:33,-37.7991043,144.9701523,Alert-41 C,gr2.09,2,13/05/2023 10:33
2168,13/05/2023 0:33,-37.799045,144.9701208,Alert-41 C,gr2.08,2,13/05/2023 10:33
2167,13/05/2023 0:33,-37.79956918,144.9700315,Alert-41 B,gr2.09,2,13/05/2023 10:33
2166,13/05/2023 0:33,-37.799573,144.9700276,Alert-41 B,gr2.08,2,13/05/2023 10:33
2165,13/05/2023 0:33,-37.80017889,144.969931,Alert-41 A,gr1.09,2,13/05/2023 10:33
2164,13/05/2023 0:33,-37.80019528,144.9699081,Alert-41 A,gr2.09,2,13/05/2023 10:33
2163,13/05/2023 0:33,-37.8002058,144.9699089,Alert-41 A,gr2.08,2,13/05/2023 10:33
2162,13/05/2023 0:28,-37.79644513,144.9692674,Alert-33 A,gr2.09,1,13/05/2023 10:28
2161,13/05/2023 0:28,-37.79689371,144.969189,Alert-33 B,gr3.08,1,13/05/2023 10:28
2160,13/05/2023 0:28,-37.7964024,144.9692782,Alert-33 A,gr2.09,1,13/05/2023 10:28
2159,13/05/2023 0:28,-37.7964418,144.9692449,Alert-33 A,gr2.08,1,13/05/2023 10:28
2158,13/05/2023 0:28,-37.796391,144.9692473,Alert-33 A,gr2.08,1,13/05/2023 10:28
2157,13/05/2023 0:28,-37.796435,144.9692599,Alert-33 A,gr3.08,1,13/05/2023 10:28
2156,13/05/2023 0:27,-37.79818137,144.9703238,Alert-25 A,gr2.09,1,13/05/2023 10:27
2155,13/05/2023 0:27,-37.79778505,144.9703419,Alert-25 B,gr3.08,1,13/05/2023 10:27
2154,13/05/2023 0:27,-37.79784035,144.9703287,Alert-25 B,gr3.08,1,13/05/2023 10:27
2153,13/05/2023 0:27,-37.7981806,144.9702754,Alert-25 A,gr2.08,1,13/05/2023 10:27
2152,13/05/2023 0:26,-37.79813507,144.9702855,Alert-25 A,gr3.08,1,13/05/2023 10:26
2151,13/05/2023 0:26,-37.79907763,144.9701156,Alert-41 C,gr3.08,1,13/05/2023 10:26
2150,13/05/2023 0:26,-37.7995842,144.9700355,Alert-41 B,gr3.08,1,13/05/2023 10:26
2149,13/05/2023 0:26,-37.80017268,144.9699129,Alert-41 A,gr2.09,1,13/05/2023 10:26
2148,13/05/2023 0:26,-37.8002018,144.9699051,Alert-41 A,gr2.08,1,13/05/2023 10:26
2147,13/05/2023 0:26,-37.80016132,144.9699279,Alert-41 A,gr3.08,1,13/05/2023 10:26
2146,13/05/2023 0:26,-37.80023124,144.9699158,Alert-41 A,gr3.08,1,13/05/2023 10:26
2145,12/05/2023 23:38,-37.79729141,144.9691353,Bp left,gr4.07,6,13/05/2023 9:38
2144,12/05/2023 23:32,-37.79692244,144.9691845,Alert-33 B,gr4.07,5,13/05/2023 9:32
2143,12/05/2023 23:32,-37.79645702,144.9692484,Alert-33 A,gr4.07,5,13/05/2023 9:32
2142,12/05/2023 23:32,-37.79641054,144.9692608,Alert-33 A,gr4.07,5,13/05/2023 9:32
2141,12/05/2023 23:30,-37.79778617,144.970318,Alert-25 B,gr4.07,5,13/05/2023 9:30
2140,12/05/2023 23:30,-37.79817097,144.9702558,Alert-25 A,gr4.07,5,13/05/2023 9:30
2139,12/05/2023 23:30,-37.7990542,144.9700991,Alert-41 C,gr4.07,5,13/05/2023 9:30
2138,12/05/2023 23:30,-37.79909177,144.9700892,Alert-41 C,gr4.07,5,13/05/2023 9:30
2137,12/05/2023 23:30,-37.79957099,144.9700152,Alert-41 B,gr4.07,5,13/05/2023 9:30
2136,12/05/2023 23:30,-37.80017776,144.9699068,Alert-41 A,gr4.07,5,13/05/2023 9:30
2135,12/05/2023 23:26,-37.79689849,144.9692015,Alert-33 B,gr4.07,4,13/05/2023 9:26
2134,12/05/2023 23:26,-37.79643818,144.9692505,Alert-33 A,gr4.07,4,13/05/2023 9:26
2133,12/05/2023 23:25,-37.79780274,144.970319,Alert-25 B,gr4.07,4,13/05/2023 9:25
2132,12/05/2023 23:25,-37.79812333,144.9703327,Alert-25 A,gr4.07,4,13/05/2023 9:25
2131,12/05/2023 23:25,-37.79820094,144.9703208,Alert-25 A,gr4.07,4,13/05/2023 9:25
2130,12/05/2023 23:25,-37.79907016,144.9701004,Alert-41 C,gr4.07,4,13/05/2023 9:25
2129,12/05/2023 23:25,-37.79957751,144.9700206,Alert-41 B,gr4.07,4,13/05/2023 9:25
2128,12/05/2023 23:25,-37.80019472,144.9699023,Alert-41 A,gr4.07,4,13/05/2023 9:25
2127,12/05/2023 23:21,-37.79645527,144.9692577,Alert-33 A,gr4.07,3,13/05/2023 9:21
2126,12/05/2023 23:21,-37.79640472,144.9692647,Alert-33 A,gr4.07,3,13/05/2023 9:21
2125,12/05/2023 23:19,-37.79812546,144.9703323,Alert-25 A,gr4.07,3,13/05/2023 9:19
2124,12/05/2023 23:19,-37.80021657,144.9699098,Alert-41 A,gr4.07,3,13/05/2023 9:19
2123,12/05/2023 23:17,-37.79690916,144.9691822,Alert-33 B,gr1.05,3,13/05/2023 9:17
2122,12/05/2023 23:17,-37.7964282,144.9692472,Alert-33 A,gr1.05,3,13/05/2023 9:17
2121,12/05/2023 23:16,-37.79694069,144.9691807,Alert-33 B,gr2.02,2,13/05/2023 9:16
2120,12/05/2023 23:16,-37.79688453,144.9691879,Alert-33 B,gr2.02,2,13/05/2023 9:16
2119,12/05/2023 23:16,-37.79644945,144.9692664,Alert-33 A,gr2.02,2,13/05/2023 9:16
2118,12/05/2023 23:16,-37.79640586,144.9692712,Alert-33 A,gr2.02,2,13/05/2023 9:16
2117,12/05/2023 23:16,-37.7978224,144.9703807,Alert-25 B,gr1.05,3,13/05/2023 9:16
2116,12/05/2023 23:16,-37.79817835,144.9703242,Alert-25 A,gr1.05,3,13/05/2023 9:16
2115,12/05/2023 23:15,-37.79907445,144.9701571,Alert-41 C,gr1.05,3,13/05/2023 9:15
2114,12/05/2023 23:15,-37.7996189,144.9700807,Alert-41 B,gr1.05,3,13/05/2023 9:15
2113,12/05/2023 23:15,-37.8001981,144.9699785,Alert-41 A,gr1.05,3,13/05/2023 9:15
2112,12/05/2023 23:14,-37.79780317,144.9703838,Alert-25 B,gr2.02,2,13/05/2023 9:14
2111,12/05/2023 23:14,-37.79785175,144.9703761,Alert-25 B,gr2.02,2,13/05/2023 9:14
2110,12/05/2023 23:14,-37.79816129,144.9703268,Alert-25 A,gr2.02,2,13/05/2023 9:14
2109,12/05/2023 23:14,-37.79906301,144.9701143,Alert-41 C,gr2.02,2,13/05/2023 9:14
2108,12/05/2023 23:14,-37.79955859,144.9700894,Alert-41 B,gr2.02,2,13/05/2023 9:14
2107,12/05/2023 23:14,-37.80021702,144.9699067,Alert-41 A,gr2.02,2,13/05/2023 9:14
2106,12/05/2023 23:12,-37.79643813,144.9692402,Alert-33 A,gr1.05,2,13/05/2023 9:12
2105,12/05/2023 23:12,-37.79814504,144.9703293,Alert-25 A,gr1.05,2,13/05/2023 9:12
2104,12/05/2023 23:11,-37.80020284,144.9699777,Alert-41 A,gr1.05,2,13/05/2023 9:11
2103,12/05/2023 23:10,-37.79642668,144.9692637,Alert-33 A,gr2.02,1,13/05/2023 9:10
2102,12/05/2023 23:09,-37.79814909,144.9702783,Alert-25 A,gr2.02,1,13/05/2023 9:09
2101,12/05/2023 23:08,-37.80019629,144.9699073,Alert-41 A,gr2.02,1,13/05/2023 9:08
2100,12/05/2023 22:59,-37.79691042,144.9691925,Alert-33 B,gr2.130,2,13/05/2023 8:59
2099,12/05/2023 22:58,-37.79644231,144.9692648,Alert-33 A,gr2.130,2,13/05/2023 8:58
2098,12/05/2023 22:58,-37.79640915,144.9692708,Alert-33 A,gr2.130,2,13/05/2023 8:58
2097,12/05/2023 22:57,-37.79781982,144.970341,Alert-25 B,gr2.130,2,13/05/2023 8:57
2096,12/05/2023 22:57,-37.79812153,144.9702873,Alert-25 A,gr2.130,2,13/05/2023 8:57
2095,12/05/2023 22:57,-37.79818701,144.9702802,Alert-25 A,gr2.130,2,13/05/2023 8:57
2094,12/05/2023 22:57,-37.79905135,144.9701608,Alert-41 C,gr2.130,2,13/05/2023 8:57
2093,12/05/2023 22:57,-37.79910289,144.9701525,Alert-41 C,gr2.130,2,13/05/2023 8:57
2092,12/05/2023 22:57,-37.79954311,144.9700262,Alert-41 B,gr2.130,2,13/05/2023 8:57
2091,12/05/2023 22:57,-37.79960876,144.9700148,Alert-41 B,gr2.130,2,13/05/2023 8:57
2090,12/05/2023 22:57,-37.8002126,144.9699034,Alert-41 A,gr2.130,2,13/05/2023 8:57
2089,12/05/2023 22:51,-37.79646691,144.9692524,Alert-33 A,gr2.130,1,13/05/2023 8:51
2088,12/05/2023 22:51,-37.79642437,144.969267,Alert-33 A,gr2.130,1,13/05/2023 8:51
2087,12/05/2023 22:50,-37.79816637,144.9702899,Alert-25 A,gr2.130,1,13/05/2023 8:50
2086,12/05/2023 22:49,-37.8002104,144.9698942,Alert-41 A,gr2.130,1,13/05/2023 8:49
2085,12/05/2023 22:42,-37.7969119,144.9691808,Alert-33 B,gr1.06,5,13/05/2023 8:42
2084,12/05/2023 22:42,-37.7964321,144.969261,Alert-33 A,gr1.06,5,13/05/2023 8:42
2083,12/05/2023 22:41,-37.7969225,144.9691791,Alert-33 B,gr3.07,5,13/05/2023 8:41
2082,12/05/2023 22:41,-37.7964703,144.9692605,Alert-33 A,gr3.07,5,13/05/2023 8:41
2081,12/05/2023 22:41,-37.7964143,144.9692705,Alert-33 A,gr3.07,5,13/05/2023 8:41
2080,12/05/2023 22:41,-37.7977815,144.970341,Alert-25 B,gr1.06,5,13/05/2023 8:41
2079,12/05/2023 22:41,-37.7978284,144.9703341,Alert-25 B,gr1.06,5,13/05/2023 8:41
2078,12/05/2023 22:41,-37.7981276,144.9702885,Alert-25 A,gr1.06,5,13/05/2023 8:41
2077,12/05/2023 22:41,-37.7990479,144.9701167,Alert-41 C,gr1.06,5,13/05/2023 8:41
2076,12/05/2023 22:41,-37.7990598,144.9701135,Alert-41 C,gr1.06,5,13/05/2023 8:41
2075,12/05/2023 22:41,-37.7990827,144.9701051,Alert-41 C,gr1.06,5,13/05/2023 8:41
2074,12/05/2023 22:40,-37.7977766,144.9703442,Alert-25 B,gr3.07,5,13/05/2023 8:40
2073,12/05/2023 22:40,-37.7978367,144.9703319,Alert-25 B,gr3.07,5,13/05/2023 8:40
2072,12/05/2023 22:40,-37.7981422,144.9702739,Alert-25 A,gr3.07,5,13/05/2023 8:40
2071,12/05/2023 22:40,-37.7990972,144.9700886,Alert-41 C,gr1.06,5,13/05/2023 8:40
2070,12/05/2023 22:40,-37.7990788,144.9701133,Alert-41 C,gr3.07,5,13/05/2023 8:40
2069,12/05/2023 22:40,-37.7995689,144.9700198,Alert-41 B,gr1.06,5,13/05/2023 8:40
2068,12/05/2023 22:40,-37.7995513,144.9700101,Alert-41 B,gr3.07,5,13/05/2023 8:40
2067,12/05/2023 22:40,-37.8001682,144.9699096,Alert-41 A,gr1.06,5,13/05/2023 8:40
2066,12/05/2023 22:40,-37.8002199,144.9699264,Alert-41 A,gr3.07,5,13/05/2023 8:40
2065,12/05/2023 22:37,-37.79645045,144.96925,Alert-33 A,gr3.01,4,13/05/2023 8:37
2064,12/05/2023 22:37,-37.79639979,144.9692597,Alert-33 A,gr3.01,4,13/05/2023 8:37
2063,12/05/2023 22:37,-37.7964413,144.9692294,Alert-33 A,gr3.07,4,13/05/2023 8:37
2062,12/05/2023 22:36,-37.79816806,144.9703258,Alert-25 A,gr3.01,4,13/05/2023 8:36
2061,12/05/2023 22:36,-37.7981887,144.9702915,Alert-25 A,gr3.07,4,13/05/2023 8:36
2060,12/05/2023 22:35,-37.8001862,144.9698969,Alert-41 A,gr3.01,4,13/05/2023 8:35
2059,12/05/2023 22:32,-37.7969414,144.9691704,Alert-33 B,gr1.02,3,13/05/2023 8:32
2058,12/05/2023 22:32,-37.7968984,144.9691776,Alert-33 B,gr1.02,3,13/05/2023 8:32
2057,12/05/2023 22:31,-37.7964217,144.9692657,Alert-33 A,gr1.02,3,13/05/2023 8:31
2056,12/05/2023 22:31,-37.7969178,144.9691839,Alert-33 B,gr1.06,3,13/05/2023 8:31
2055,12/05/2023 22:31,-37.7964548,144.9692614,Alert-33 A,gr1.06,3,13/05/2023 8:31
2054,12/05/2023 22:31,-37.7964008,144.9692676,Alert-33 A,gr1.06,3,13/05/2023 8:31
2053,12/05/2023 22:31,-37.7978181,144.9703577,Alert-25 B,gr1.02,3,13/05/2023 8:31
2052,12/05/2023 22:31,-37.7981462,144.9703129,Alert-25 A,gr1.02,3,13/05/2023 8:31
2051,12/05/2023 22:30,-37.799049,144.9701643,Alert-41 C,gr1.02,3,13/05/2023 8:30
2050,12/05/2023 22:30,-37.7995813,144.9700505,Alert-41 B,gr1.02,3,13/05/2023 8:30
2049,12/05/2023 22:30,-37.8002176,144.9699288,Alert-41 A,gr1.02,3,13/05/2023 8:30
2048,12/05/2023 22:30,-37.7977914,144.9703362,Alert-25 B,gr1.06,3,13/05/2023 8:30
2047,12/05/2023 22:30,-37.7978334,144.9703275,Alert-25 B,gr1.06,3,13/05/2023 8:30
2046,12/05/2023 22:30,-37.798191,144.9702685,Alert-25 A,gr1.06,3,13/05/2023 8:30
2045,12/05/2023 22:29,-37.7990548,144.9701028,Alert-41 C,gr1.06,3,13/05/2023 8:29
2044,12/05/2023 22:29,-37.7995766,144.970015,Alert-41 B,gr1.06,3,13/05/2023 8:29
2043,12/05/2023 22:29,-37.8001736,144.9699104,Alert-41 A,gr1.06,3,13/05/2023 8:29
2042,12/05/2023 22:26,-37.7964517,144.9692578,Alert-33 A,gr1.02,2,13/05/2023 8:26
2041,12/05/2023 22:26,-37.7964075,144.9692674,Alert-33 A,gr1.02,2,13/05/2023 8:26
2040,12/05/2023 22:26,-37.7964716,144.9692588,Alert-33 A,gr1.06,2,13/05/2023 8:26
2039,12/05/2023 22:26,-37.7964112,144.9692695,Alert-33 A,gr1.06,2,13/05/2023 8:26
2038,12/05/2023 22:25,-37.7981541,144.970305,Alert-25 A,gr1.02,2,13/05/2023 8:25
2037,12/05/2023 22:25,-37.800194,144.9699314,Alert-41 A,gr1.02,2,13/05/2023 8:25
2036,12/05/2023 22:25,-37.7981354,144.9702766,Alert-25 A,gr1.06,2,13/05/2023 8:25
2035,12/05/2023 22:25,-37.798183,144.9702706,Alert-25 A,gr1.06,2,13/05/2023 8:25
2034,12/05/2023 22:24,-37.8002007,144.9699121,Alert-41 A,gr1.06,2,13/05/2023 8:24
2033,12/05/2023 22:21,-37.79690983,144.9691861,Alert-33 B,gr3.01,1,13/05/2023 8:21
2032,12/05/2023 22:21,-37.7969383,144.9691488,Alert-33 B,gr3.07,1,13/05/2023 8:21
2031,12/05/2023 22:21,-37.79646056,144.9692684,Alert-33 A,gr3.01,1,13/05/2023 8:21
2030,12/05/2023 22:21,-37.79640953,144.9692657,Alert-33 A,gr3.01,1,13/05/2023 8:21
2029,12/05/2023 22:21,-37.7964007,144.9692298,Alert-33 A,gr3.07,1,13/05/2023 8:21
2028,12/05/2023 22:21,-37.7978265,144.9703216,Alert-25 B,gr3.07,1,13/05/2023 8:21
2027,12/05/2023 22:20,-37.7981731,144.9702569,Alert-25 A,gr3.07,1,13/05/2023 8:20
2026,12/05/2023 22:20,-37.7990495,144.9701089,Alert-41 C,gr3.07,1,13/05/2023 8:20
2025,12/05/2023 22:20,-37.7995814,144.9700259,Alert-41 B,gr3.07,1,13/05/2023 8:20
2024,12/05/2023 22:20,-37.800201,144.9699056,Alert-41 A,gr3.07,1,13/05/2023 8:20
2023,12/05/2023 22:20,-37.79780233,144.9703176,Alert-25 B,gr3.01,1,13/05/2023 8:20
2022,12/05/2023 22:20,-37.79783648,144.9703075,Alert-25 B,gr3.01,1,13/05/2023 8:20
2021,12/05/2023 22:20,-37.79817098,144.97026,Alert-25 A,gr3.01,1,13/05/2023 8:20
2020,12/05/2023 22:20,-37.79954144,144.9700139,Alert-41 B,gr3.01,1,13/05/2023 8:20
2019,12/05/2023 22:19,-37.80019463,144.9698955,Alert-41 A,gr3.01,1,13/05/2023 8:19
2018,12/05/2023 8:09,-37.7964523,144.9692686,Alert-33 A,gr3.02,4,12/05/2023 18:09
2017,12/05/2023 8:09,-37.796416,144.9692721,Alert-33 A,gr3.02,4,12/05/2023 18:09
2016,12/05/2023 8:09,-37.7963999,144.969276,Alert-33 A,gr3.02,4,12/05/2023 18:09
2015,12/05/2023 8:08,-37.7981349,144.9702927,Alert-25 A,gr3.02,4,12/05/2023 18:08
2014,12/05/2023 8:07,-37.8001697,144.9699325,Alert-41 A,gr3.02,4,12/05/2023 18:07
2013,12/05/2023 7:50,-37.7969255,144.9691893,Alert-33 B,gr3.02,1,12/05/2023 17:50
2012,12/05/2023 7:50,-37.7968767,144.9691985,Alert-33 B,gr3.02,1,12/05/2023 17:50
2011,12/05/2023 7:50,-37.7964612,144.969271,Alert-33 A,gr3.02,1,12/05/2023 17:50
2010,12/05/2023 7:49,-37.7978354,144.9703519,Alert-25 B,gr3.02,1,12/05/2023 17:49
2009,12/05/2023 7:49,-37.7981769,144.9702971,Alert-25 A,gr3.02,1,12/05/2023 17:49
2008,12/05/2023 7:48,-37.79689732,144.9692149,Alert-33 B,gr4.07,5,12/05/2023 17:48
2007,12/05/2023 7:48,-37.7990859,144.9701212,Alert-41 C,gr3.02,1,12/05/2023 17:48
2006,12/05/2023 7:48,-37.7995588,144.9700299,Alert-41 B,gr3.02,1,12/05/2023 17:48
2005,12/05/2023 7:48,-37.79645744,144.9692876,Alert-33 A,gr4.07,5,12/05/2023 17:48
2004,12/05/2023 7:48,-37.79640213,144.9692958,Alert-33 A,gr4.07,5,12/05/2023 17:48
2003,12/05/2023 7:48,-37.8002179,144.9699194,Alert-41 A,gr3.02,1,12/05/2023 17:48
2002,12/05/2023 7:47,-37.79778441,144.9704257,Alert-25 B,gr4.07,5,12/05/2023 17:47
2001,12/05/2023 7:47,-37.79784227,144.9703999,Alert-25 B,gr4.07,5,12/05/2023 17:47
2000,12/05/2023 7:47,-37.79813173,144.9703316,Alert-25 A,gr4.07,5,12/05/2023 17:47
1999,12/05/2023 7:46,-37.7990815,144.9701289,Alert-41 C,gr4.07,5,12/05/2023 17:46
1998,12/05/2023 7:46,-37.79959887,144.9700375,Alert-41 B,gr4.07,5,12/05/2023 17:46
1997,12/05/2023 7:46,-37.80020266,144.9699271,Alert-41 A,gr4.07,5,12/05/2023 17:46
1996,12/05/2023 7:41,-37.79689559,144.9692128,Alert-33 B,gr4.07,4,12/05/2023 17:41
1995,12/05/2023 7:41,-37.79644874,144.9692831,Alert-33 A,gr4.07,4,12/05/2023 17:41
1994,12/05/2023 7:41,-37.79639704,144.969294,Alert-33 A,gr4.07,4,12/05/2023 17:41
1993,12/05/2023 7:39,-37.79780864,144.9703473,Alert-25 B,gr4.07,4,12/05/2023 17:39
1992,12/05/2023 7:39,-37.79817049,144.9703023,Alert-25 A,gr4.07,4,12/05/2023 17:39
1991,12/05/2023 7:39,-37.79906371,144.9701261,Alert-41 C,gr4.07,4,12/05/2023 17:39
1990,12/05/2023 7:39,-37.79908047,144.9701292,Alert-41 C,gr4.07,4,12/05/2023 17:39
1989,12/05/2023 7:39,-37.79907577,144.9701026,Alert-41 C,gr4.07,4,12/05/2023 17:39
1988,12/05/2023 7:39,-37.79909086,144.9701381,Alert-41 C,gr4.07,4,12/05/2023 17:39
1987,12/05/2023 7:38,-37.79955175,144.9700512,Alert-41 B,gr4.07,4,12/05/2023 17:38
1986,12/05/2023 7:38,-37.79962326,144.9700386,Alert-41 B,gr4.07,4,12/05/2023 17:38
1985,12/05/2023 7:38,-37.80019681,144.9699247,Alert-41 A,gr4.07,4,12/05/2023 17:38
1984,12/05/2023 7:36,-37.7968986,144.9691699,Alert-33 B,gr3.07,5,12/05/2023 17:36
1983,12/05/2023 7:35,-37.7964078,144.9692704,Alert-33 A,gr3.07,5,12/05/2023 17:35
1982,12/05/2023 7:34,-37.79646926,144.9692997,Alert-33 A,gr4.07,3,12/05/2023 17:34
1981,12/05/2023 7:34,-37.79641753,144.9693061,Alert-33 A,gr4.07,3,12/05/2023 17:34
1980,12/05/2023 7:34,-37.7978261,144.970353,Alert-25 B,gr3.07,5,12/05/2023 17:34
1979,12/05/2023 7:34,-37.7981548,144.9703072,Alert-25 A,gr3.07,5,12/05/2023 17:34
1978,12/05/2023 7:33,-37.799044,144.9701201,Alert-41 C,gr3.07,5,12/05/2023 17:33
1977,12/05/2023 7:33,-37.7990709,144.9701142,Alert-41 C,gr3.07,5,12/05/2023 17:33
1976,12/05/2023 7:33,-37.7990914,144.9701125,Alert-41 C,gr3.07,5,12/05/2023 17:33
1975,12/05/2023 7:33,-37.7991016,144.9701089,Alert-41 C,gr3.07,5,12/05/2023 17:33
1974,12/05/2023 7:33,-37.7995621,144.9700171,Alert-41 B,gr3.07,5,12/05/2023 17:33
1973,12/05/2023 7:33,-37.8002275,144.9699021,Alert-41 A,gr3.07,5,12/05/2023 17:33
1972,12/05/2023 7:33,-37.79815424,144.9703115,Alert-25 A,gr4.07,3,12/05/2023 17:33
1971,12/05/2023 7:32,-37.80022535,144.9699306,Alert-41 A,gr4.07,3,12/05/2023 17:32
1970,12/05/2023 7:29,-37.79691927,144.969035,Alert-33 B,gr2.07,2,12/05/2023 17:29
1969,12/05/2023 7:29,-37.7968865,144.96904,Alert-33 B,gr2.07,2,12/05/2023 17:29
1968,12/05/2023 7:29,-37.79644852,144.9692474,Alert-33 A,gr2.07,2,12/05/2023 17:29
1967,12/05/2023 7:29,-37.79642323,144.9692645,Alert-33 A,gr2.07,2,12/05/2023 17:29
1966,12/05/2023 7:29,-37.79639669,144.9692803,Alert-33 A,gr2.07,2,12/05/2023 17:29
1965,12/05/2023 7:28,-37.7964612,144.9692456,Alert-33 A,gr3.07,4,12/05/2023 17:28
1964,12/05/2023 7:28,-37.7964073,144.969253,Alert-33 A,gr3.07,4,12/05/2023 17:28
1963,12/05/2023 7:27,-37.79780083,144.9703734,Alert-25 B,gr2.07,2,12/05/2023 17:27
1962,12/05/2023 7:27,-37.79784392,144.9703645,Alert-25 B,gr2.07,2,12/05/2023 17:27
1961,12/05/2023 7:27,-37.79815816,144.9703539,Alert-25 A,gr2.07,2,12/05/2023 17:27
1960,12/05/2023 7:27,-37.79909109,144.9701472,Alert-41 C,gr2.07,2,12/05/2023 17:27
1959,12/05/2023 7:27,-37.7981359,144.9702782,Alert-25 A,gr3.07,4,12/05/2023 17:27
1958,12/05/2023 7:27,-37.79959933,144.9700718,Alert-41 B,gr2.07,2,12/05/2023 17:27
1957,12/05/2023 7:27,-37.80018581,144.969957,Alert-41 A,gr2.07,2,12/05/2023 17:27
1956,12/05/2023 7:27,-37.800204,144.9699494,Alert-41 A,gr3.07,4,12/05/2023 17:27
1955,12/05/2023 7:20,-37.79693666,144.9691407,Alert-33 B,gr2.07,2,12/05/2023 17:20
1954,12/05/2023 7:20,-37.79691936,144.9691542,Alert-33 B,gr2.07,2,12/05/2023 17:20
1953,12/05/2023 7:20,-37.79688975,144.9691665,Alert-33 B,gr2.07,2,12/05/2023 17:20
1952,12/05/2023 7:20,-37.79644182,144.9692791,Alert-33 A,gr2.07,2,12/05/2023 17:20
1951,12/05/2023 7:20,-37.79641276,144.9692957,Alert-33 A,gr2.07,2,12/05/2023 17:20
1950,12/05/2023 7:18,-37.7969217,144.9692178,Alert-33 B,gr4.06,5,12/05/2023 17:18
1949,12/05/2023 7:18,-37.7964474,144.9692775,Alert-33 A,gr4.06,5,12/05/2023 17:18
1948,12/05/2023 7:18,-37.79778079,144.9703845,Alert-25 B,gr2.07,2,12/05/2023 17:18
1947,12/05/2023 7:18,-37.79899554,144.9701305,Faraday st,gr4.07,1,12/05/2023 17:18
1946,12/05/2023 7:18,-37.79899554,144.9701305,Faraday st,gr4.07,1,12/05/2023 17:18
1945,12/05/2023 7:18,-37.7978292,144.9703619,Alert-25 B,gr2.07,2,12/05/2023 17:18
1944,12/05/2023 7:18,-37.79814477,144.9702974,Alert-25 A,gr2.07,2,12/05/2023 17:18
1943,12/05/2023 7:18,-37.79819828,144.9702864,Alert-25 A,gr2.07,2,12/05/2023 17:18
1942,12/05/2023 7:18,-37.7977776,144.970375,Alert-25 B,gr4.06,5,12/05/2023 17:18
1941,12/05/2023 7:17,-37.797841,144.9703647,Alert-25 B,gr4.06,5,12/05/2023 17:17
1940,12/05/2023 7:17,-37.798154,144.9703126,Alert-25 A,gr4.06,5,12/05/2023 17:17
1939,12/05/2023 7:17,-37.79904224,144.9701189,Alert-41 C,gr2.07,2,12/05/2023 17:17
1938,12/05/2023 7:17,-37.79905627,144.9701215,Alert-41 C,gr2.07,2,12/05/2023 17:17
1937,12/05/2023 7:17,-37.79906506,144.9701254,Alert-41 C,gr2.07,2,12/05/2023 17:17
1936,12/05/2023 7:17,-37.79907321,144.9701306,Alert-41 C,gr2.07,2,12/05/2023 17:17
1935,12/05/2023 7:17,-37.79909157,144.9701296,Alert-41 C,gr2.07,2,12/05/2023 17:17
1934,12/05/2023 7:17,-37.7990512,144.9701423,Alert-41 C,gr4.06,5,12/05/2023 17:17
1933,12/05/2023 7:17,-37.79910193,144.9701289,Alert-41 C,gr2.07,2,12/05/2023 17:17
1932,12/05/2023 7:17,-37.7990724,144.970138,Alert-41 C,gr4.06,5,12/05/2023 17:17
1931,12/05/2023 7:17,-37.7990944,144.9701354,Alert-41 C,gr4.06,5,12/05/2023 17:17
1930,12/05/2023 7:17,-37.7995491,144.9700669,Alert-41 B,gr4.06,5,12/05/2023 17:17
1929,12/05/2023 7:17,-37.7996234,144.9700515,Alert-41 B,gr4.06,5,12/05/2023 17:17
1928,12/05/2023 7:17,-37.79956941,144.970114,Alert-41 B,gr2.07,2,12/05/2023 17:17
1927,12/05/2023 7:17,-37.79962474,144.9701082,Alert-41 B,gr2.07,2,12/05/2023 17:17
1926,12/05/2023 7:17,-37.8002011,144.9699504,Alert-41 A,gr4.06,5,12/05/2023 17:17
1925,12/05/2023 7:17,-37.8001979,144.9700071,Alert-41 A,gr2.07,2,12/05/2023 17:17
1924,12/05/2023 7:13,-37.7969195,144.9691901,Alert-33 B,gr4.06,4,12/05/2023 17:13
1923,12/05/2023 7:13,-37.7968856,144.969198,Alert-33 B,gr4.06,4,12/05/2023 17:13
1922,12/05/2023 7:13,-37.7968959,144.9691977,Alert-33 B,gr3.06,5,12/05/2023 17:13
1921,12/05/2023 7:12,-37.796474,144.9692728,Alert-33 A,gr4.06,4,12/05/2023 17:12
1920,12/05/2023 7:12,-37.7964297,144.9692821,Alert-33 A,gr4.06,4,12/05/2023 17:12
1919,12/05/2023 7:12,-37.7964743,144.9692779,Alert-33 A,gr3.06,5,12/05/2023 17:12
1918,12/05/2023 7:12,-37.7964211,144.9692852,Alert-33 A,gr3.06,5,12/05/2023 17:12
1917,12/05/2023 7:12,-37.79692043,144.9691867,Alert-33 B,gr2.07,2,12/05/2023 17:12
1916,12/05/2023 7:12,-37.79689416,144.9692016,Alert-33 B,gr2.07,2,12/05/2023 17:12
1915,12/05/2023 7:11,-37.79645848,144.9692755,Alert-33 A,gr2.07,2,12/05/2023 17:11
1914,12/05/2023 7:11,-37.79642849,144.9692868,Alert-33 A,gr2.07,2,12/05/2023 17:11
1913,12/05/2023 7:11,-37.79639812,144.9692985,Alert-33 A,gr2.07,2,12/05/2023 17:11
1912,12/05/2023 7:11,-37.7978038,144.9703742,Alert-25 B,gr4.06,4,12/05/2023 17:11
1911,12/05/2023 7:11,-37.7978439,144.9703686,Alert-25 B,gr4.06,4,12/05/2023 17:11
1910,12/05/2023 7:11,-37.7981652,144.9703172,Alert-25 A,gr4.06,4,12/05/2023 17:11
1909,12/05/2023 7:11,-37.7990924,144.9701466,Alert-41 C,gr4.06,4,12/05/2023 17:11
1908,12/05/2023 7:11,-37.7995912,144.9700522,Alert-41 B,gr4.06,4,12/05/2023 17:11
1907,12/05/2023 7:11,-37.8001719,144.9699496,Alert-41 A,gr4.06,4,12/05/2023 17:11
1906,12/05/2023 7:11,-37.8002339,144.9699386,Alert-41 A,gr4.06,4,12/05/2023 17:11
1905,12/05/2023 7:11,-37.7977835,144.9703868,Alert-25 B,gr3.06,5,12/05/2023 17:11
1904,12/05/2023 7:11,-37.7978117,144.970376,Alert-25 B,gr3.06,5,12/05/2023 17:11
1903,12/05/2023 7:10,-37.7981762,144.9703185,Alert-25 A,gr3.06,5,12/05/2023 17:10
1902,12/05/2023 7:10,-37.7990582,144.9701717,Alert-41 C,gr3.06,5,12/05/2023 17:10
1901,12/05/2023 7:10,-37.7990767,144.9701601,Alert-41 C,gr3.06,5,12/05/2023 17:10
1900,12/05/2023 7:10,-37.7995469,144.9700745,Alert-41 B,gr3.06,5,12/05/2023 17:10
1899,12/05/2023 7:10,-37.7996254,144.9700602,Alert-41 B,gr3.06,5,12/05/2023 17:10
1898,12/05/2023 7:10,-37.8001677,144.9699462,Alert-41 A,gr3.06,5,12/05/2023 17:10
1897,12/05/2023 7:09,-37.79781742,144.9703764,Alert-25 B,gr2.07,2,12/05/2023 17:09
1896,12/05/2023 7:09,-37.798166,144.9703222,Alert-25 A,gr2.07,2,12/05/2023 17:09
1895,12/05/2023 7:08,-37.79905328,144.9701489,Alert-41 C,gr2.07,2,12/05/2023 17:08
1894,12/05/2023 7:08,-37.799086,144.9701398,Alert-41 C,gr2.07,2,12/05/2023 17:08
1893,12/05/2023 7:08,-37.79954391,144.9699551,Alert-41 B,gr2.07,2,12/05/2023 17:08
1892,12/05/2023 7:08,-37.79958609,144.9699539,Alert-41 B,gr2.07,2,12/05/2023 17:08
1891,12/05/2023 7:08,-37.8001593,144.9699205,Alert-41 A,gr2.07,2,12/05/2023 17:08
1890,12/05/2023 7:08,-37.80019732,144.9699205,Alert-41 A,gr2.07,2,12/05/2023 17:08
1889,12/05/2023 7:08,-37.796941,144.9692231,Alert-33 B,gr3.07,1,12/05/2023 17:08
1888,12/05/2023 7:07,-37.7968966,144.9692282,Alert-33 B,gr3.07,1,12/05/2023 17:07
1887,12/05/2023 7:07,-37.7964686,144.9692911,Alert-33 A,gr3.07,1,12/05/2023 17:07
1886,12/05/2023 7:07,-37.796409,144.9692961,Alert-33 A,gr3.07,1,12/05/2023 17:07
1885,12/05/2023 7:07,-37.7964562,144.9692811,Alert-33 A,gr4.06,3,12/05/2023 17:07
1884,12/05/2023 7:07,-37.7963995,144.9692917,Alert-33 A,gr4.06,3,12/05/2023 17:07
1883,12/05/2023 7:06,-37.7978055,144.9703126,Alert-25 B,gr3.07,1,12/05/2023 17:06
1882,12/05/2023 7:06,-37.7981831,144.9702536,Alert-25 A,gr3.07,1,12/05/2023 17:06
1881,12/05/2023 7:06,-37.7990435,144.9700916,Alert-41 C,gr3.07,1,12/05/2023 17:06
1880,12/05/2023 7:06,-37.7995492,144.9700166,Alert-41 B,gr3.07,1,12/05/2023 17:06
1879,12/05/2023 7:06,-37.8001755,144.9699247,Alert-41 A,gr3.07,1,12/05/2023 17:06
1878,12/05/2023 7:05,-37.7964724,144.9692635,Alert-33 A,gr3.06,4,12/05/2023 17:05
1877,12/05/2023 7:05,-37.7964083,144.96927,Alert-33 A,gr3.06,4,12/05/2023 17:05
1876,12/05/2023 7:05,-37.7981468,144.9703178,Alert-25 A,gr4.06,3,12/05/2023 17:05
1875,12/05/2023 7:04,-37.7981219,144.9703137,Alert-25 A,gr3.06,4,12/05/2023 17:04
1874,12/05/2023 7:04,-37.8002248,144.9699449,Alert-41 A,gr4.06,3,12/05/2023 17:04
1873,12/05/2023 7:04,-37.8002082,144.9699345,Alert-41 A,gr3.06,4,12/05/2023 17:04
1872,12/05/2023 7:02,-37.79644812,144.9692655,Alert-33 A,gr2.07,1,12/05/2023 17:02
1871,12/05/2023 7:02,-37.79641682,144.9692743,Alert-33 A,gr2.07,1,12/05/2023 17:02
1870,12/05/2023 7:00,-37.79814173,144.970226,Alert-25 A,gr2.07,1,12/05/2023 17:00
1869,12/05/2023 7:00,-37.79818425,144.9702238,Alert-25 A,gr2.07,1,12/05/2023 17:00
1868,12/05/2023 6:59,-37.80015279,144.9698993,Alert-41 A,gr2.07,1,12/05/2023 16:59
1867,12/05/2023 6:59,-37.80019478,144.9698984,Alert-41 A,gr2.07,1,12/05/2023 16:59
1866,12/05/2023 6:40,-37.79693065,144.9691936,Alert-33 B,gr2.06,5,12/05/2023 16:40
1865,12/05/2023 6:40,-37.796886,144.9692005,Alert-33 B,gr2.06,5,12/05/2023 16:40
1864,12/05/2023 6:40,-37.79641264,144.9692788,Alert-33 A,gr2.06,5,12/05/2023 16:40
1863,12/05/2023 6:38,-37.7977972,144.9703407,Alert-25 B,gr2.06,5,12/05/2023 16:38
1862,12/05/2023 6:38,-37.79783132,144.970341,Alert-25 B,gr2.06,5,12/05/2023 16:38
1861,12/05/2023 6:38,-37.79815607,144.9702814,Alert-25 A,gr2.06,5,12/05/2023 16:38
1860,12/05/2023 6:38,-37.7990475,144.9701213,Alert-41 C,gr2.06,5,12/05/2023 16:38
1859,12/05/2023 6:37,-37.79905876,144.9701137,Alert-41 C,gr2.06,5,12/05/2023 16:37
1858,12/05/2023 6:37,-37.79907237,144.9701141,Alert-41 C,gr2.06,5,12/05/2023 16:37
1857,12/05/2023 6:37,-37.7990881,144.9701107,Alert-41 C,gr2.06,5,12/05/2023 16:37
1856,12/05/2023 6:37,-37.79909916,144.9701074,Alert-41 C,gr2.06,5,12/05/2023 16:37
1855,12/05/2023 6:37,-37.79958922,144.9700231,Alert-41 B,gr2.06,5,12/05/2023 16:37
1854,12/05/2023 6:37,-37.80021395,144.9699114,Alert-41 A,gr2.06,5,12/05/2023 16:37
1853,12/05/2023 6:29,-37.7969064,144.9692084,Alert-33 B,gr3.06,1,12/05/2023 16:29
1852,12/05/2023 6:29,-37.7964689,144.9692765,Alert-33 A,gr3.06,1,12/05/2023 16:29
1851,12/05/2023 6:29,-37.7964122,144.9692867,Alert-33 A,gr3.06,1,12/05/2023 16:29
1850,12/05/2023 6:27,-37.7978283,144.9703596,Alert-25 B,gr3.06,1,12/05/2023 16:27
1849,12/05/2023 6:27,-37.798142,144.9703072,Alert-25 A,gr3.06,1,12/05/2023 16:27
1848,12/05/2023 6:27,-37.7990737,144.9701433,Alert-41 C,gr3.06,1,12/05/2023 16:27
1847,12/05/2023 6:27,-37.7996024,144.9700499,Alert-41 B,gr3.06,1,12/05/2023 16:27
1846,12/05/2023 6:27,-37.8001698,144.9699561,Alert-41 A,gr3.06,1,12/05/2023 16:27
1845,12/05/2023 6:25,-37.7969349,144.9691845,Alert-33 B,gr1.06,7,12/05/2023 16:25
1844,12/05/2023 6:25,-37.7968812,144.9691907,Alert-33 B,gr1.06,7,12/05/2023 16:25
1843,12/05/2023 6:25,-37.7964224,144.9692479,Alert-33 A,gr1.06,7,12/05/2023 16:25
1842,12/05/2023 6:24,-37.797783,144.9703529,Alert-25 B,gr1.06,7,12/05/2023 16:24
1841,12/05/2023 6:24,-37.7977971,144.9703508,Alert-25 B,gr1.06,7,12/05/2023 16:24
1840,12/05/2023 6:24,-37.7978175,144.9703457,Alert-25 B,gr1.06,7,12/05/2023 16:24
1839,12/05/2023 6:24,-37.7978353,144.9703402,Alert-25 B,gr1.06,7,12/05/2023 16:24
1838,12/05/2023 6:24,-37.7981352,144.9702716,Alert-25 A,gr1.06,7,12/05/2023 16:24
1837,12/05/2023 6:24,-37.7981756,144.9702654,Alert-25 A,gr1.06,7,12/05/2023 16:24
1836,12/05/2023 6:24,-37.7995744,144.9700203,Alert-41 B,gr1.06,7,12/05/2023 16:24
1835,12/05/2023 6:20,-37.79689858,144.9691933,Alert-33 B,gr2.06,2,12/05/2023 16:20
1834,12/05/2023 6:20,-37.79642425,144.9692644,Alert-33 A,gr2.06,2,12/05/2023 16:20
1833,12/05/2023 6:19,-37.79778066,144.9703873,Alert-25 B,gr2.06,2,12/05/2023 16:19
1832,12/05/2023 6:19,-37.79781918,144.9703812,Alert-25 B,gr2.06,2,12/05/2023 16:19
1831,12/05/2023 6:19,-37.79815613,144.9703276,Alert-25 A,gr2.06,2,12/05/2023 16:19
1830,12/05/2023 6:19,-37.79907785,144.9701049,Alert-41 C,gr2.06,2,12/05/2023 16:19
1829,12/05/2023 6:19,-37.79961961,144.9700155,Alert-41 B,gr2.06,2,12/05/2023 16:19
1828,12/05/2023 6:19,-37.80022555,144.9699098,Alert-41 A,gr2.06,2,12/05/2023 16:19
1827,12/05/2023 6:13,-37.79647116,144.9692512,Alert-33 A,gr2.06,1,12/05/2023 16:13
1826,12/05/2023 6:13,-37.79640626,144.9692516,Alert-33 A,gr2.06,1,12/05/2023 16:13
1825,12/05/2023 6:12,-37.79816048,144.970327,Alert-25 A,gr2.06,1,12/05/2023 16:12
1824,12/05/2023 6:12,-37.80019065,144.9699128,Alert-41 A,gr2.06,1,12/05/2023 16:12
1823,12/05/2023 6:12,-37.7969082,144.9691897,Alert-33 B,gr1.06,5,12/05/2023 16:12
1822,12/05/2023 6:12,-37.7968766,144.9691938,Alert-33 B,gr1.06,5,12/05/2023 16:12
1821,12/05/2023 6:11,-37.7964188,144.9692631,Alert-33 A,gr1.06,5,12/05/2023 16:11
1820,12/05/2023 6:10,-37.7977758,144.9703449,Alert-25 B,gr1.06,5,12/05/2023 16:10
1819,12/05/2023 6:10,-37.7978355,144.9703299,Alert-25 B,gr1.06,5,12/05/2023 16:10
1818,12/05/2023 6:10,-37.7981367,144.9702939,Alert-25 A,gr1.06,5,12/05/2023 16:10
1817,12/05/2023 6:10,-37.7981883,144.9702862,Alert-25 A,gr1.06,5,12/05/2023 16:10
1816,12/05/2023 6:10,-37.7990398,144.9701033,Alert-41 C,gr1.06,5,12/05/2023 16:10
1815,12/05/2023 6:10,-37.7991049,144.9700895,Alert-41 C,gr1.06,5,12/05/2023 16:10
1814,12/05/2023 6:10,-37.7995898,144.9700121,Alert-41 B,gr1.06,5,12/05/2023 16:10
1813,12/05/2023 6:09,-37.8002169,144.9699127,Alert-41 A,gr1.06,5,12/05/2023 16:09
1812,12/05/2023 6:06,-37.79817139,144.9703253,Alert-25 A,gr2.06,1,12/05/2023 16:06
1811,12/05/2023 6:05,-37.80022097,144.9699052,Alert-41 A,gr2.06,1,12/05/2023 16:05
1810,12/05/2023 5:59,-37.7969319,144.9691672,Alert-33 B,gr1.06,3,12/05/2023 15:59
1809,12/05/2023 5:59,-37.7968788,144.9691769,Alert-33 B,gr1.06,3,12/05/2023 15:59
1808,12/05/2023 5:59,-37.7964139,144.9692498,Alert-33 A,gr1.06,3,12/05/2023 15:59
1807,12/05/2023 5:58,-37.7978341,144.9703334,Alert-25 B,gr1.06,3,12/05/2023 15:58
1806,12/05/2023 5:58,-37.7981729,144.9702803,Alert-25 A,gr1.06,3,12/05/2023 15:58
1805,12/05/2023 5:58,-37.7990407,144.9701153,Alert-41 C,gr1.06,3,12/05/2023 15:58
1804,12/05/2023 5:58,-37.7995432,144.9700297,Alert-41 B,gr1.06,3,12/05/2023 15:58
1803,12/05/2023 5:58,-37.7996073,144.9700176,Alert-41 B,gr1.06,3,12/05/2023 15:58
1802,12/05/2023 5:58,-37.8001965,144.9699108,Alert-41 A,gr1.06,3,12/05/2023 15:58
1801,12/05/2023 5:58,-37.79691539,144.9691532,Alert-33 B,gr4.05,5,12/05/2023 15:58
1800,12/05/2023 5:58,-37.79688015,144.9691609,Alert-33 B,gr4.05,5,12/05/2023 15:58
1799,12/05/2023 5:58,-37.79646599,144.9692642,Alert-33 A,gr4.05,5,12/05/2023 15:58
1798,12/05/2023 5:58,-37.79644144,144.9692765,Alert-33 A,gr4.05,5,12/05/2023 15:58
1797,12/05/2023 5:58,-37.79641483,144.9692833,Alert-33 A,gr4.05,5,12/05/2023 15:58
1796,12/05/2023 5:56,-37.79781202,144.970341,Alert-25 B,gr4.05,5,12/05/2023 15:56
1795,12/05/2023 5:56,-37.79813993,144.9702986,Alert-25 A,gr4.05,5,12/05/2023 15:56
1794,12/05/2023 5:56,-37.79819624,144.970287,Alert-25 A,gr4.05,5,12/05/2023 15:56
1793,12/05/2023 5:56,-37.79904057,144.9701415,Alert-41 C,gr4.05,5,12/05/2023 15:56
1792,12/05/2023 5:56,-37.79907501,144.970138,Alert-41 C,gr4.05,5,12/05/2023 15:56
1791,12/05/2023 5:56,-37.79910463,144.9701358,Alert-41 C,gr4.05,5,12/05/2023 15:56
1790,12/05/2023 5:56,-37.79958148,144.9700325,Alert-41 B,gr4.05,5,12/05/2023 15:56
1789,12/05/2023 5:55,-37.80015457,144.9699209,Alert-41 A,gr4.05,5,12/05/2023 15:55
1788,12/05/2023 5:55,-37.80018607,144.9699144,Alert-41 A,gr4.05,5,12/05/2023 15:55
1787,12/05/2023 5:55,-37.80022063,144.9699089,Alert-41 A,gr4.05,5,12/05/2023 15:55
1786,12/05/2023 5:54,-37.7964633,144.9692649,Alert-33 A,gr1.06,2,12/05/2023 15:54
1785,12/05/2023 5:54,-37.7964042,144.9692706,Alert-33 A,gr1.06,2,12/05/2023 15:54
1784,12/05/2023 5:53,-37.7981475,144.9702921,Alert-25 A,gr1.06,2,12/05/2023 15:53
1783,12/05/2023 5:52,-37.8002083,144.9699151,Alert-41 A,gr1.06,2,12/05/2023 15:52
1782,12/05/2023 5:48,-37.79692997,144.9691487,Alert-33 B,gr4.05,4,12/05/2023 15:48
1781,12/05/2023 5:48,-37.7968971,144.9691408,Alert-33 B,gr4.05,4,12/05/2023 15:48
1780,12/05/2023 5:48,-37.79646174,144.9692613,Alert-33 A,gr4.05,4,12/05/2023 15:48
1779,12/05/2023 5:48,-37.79643308,144.9692596,Alert-33 A,gr4.05,4,12/05/2023 15:48
1778,12/05/2023 5:48,-37.79640711,144.9692825,Alert-33 A,gr4.05,4,12/05/2023 15:48
1777,12/05/2023 5:47,-37.79781927,144.9703448,Alert-25 B,gr4.05,4,12/05/2023 15:47
1776,12/05/2023 5:47,-37.79815976,144.970297,Alert-25 A,gr4.05,4,12/05/2023 15:47
1775,12/05/2023 5:47,-37.79903494,144.9701355,Alert-41 C,gr4.05,4,12/05/2023 15:47
1774,12/05/2023 5:47,-37.79908891,144.9701249,Alert-41 C,gr4.05,4,12/05/2023 15:47
1773,12/05/2023 5:47,-37.79955891,144.9700227,Alert-41 B,gr4.05,4,12/05/2023 15:47
1772,12/05/2023 5:47,-37.79961893,144.9700122,Alert-41 B,gr4.05,4,12/05/2023 15:47
1771,12/05/2023 5:46,-37.80019437,144.9699181,Alert-41 A,gr4.05,4,12/05/2023 15:46
1770,12/05/2023 5:42,-37.7964702,144.9692851,Alert-33 A,gr4.05,3,12/05/2023 15:42
1769,12/05/2023 5:42,-37.79644123,144.9692965,Alert-33 A,gr4.05,3,12/05/2023 15:42
1768,12/05/2023 5:40,-37.79816516,144.970295,Alert-25 A,gr4.05,3,12/05/2023 15:40
1767,12/05/2023 5:39,-37.8001751,144.9699169,Alert-41 A,gr4.05,3,12/05/2023 15:39
1766,12/05/2023 4:10,-37.79692822,144.9691869,Alert-33 B,gr2.05,5,12/05/2023 14:10
1765,12/05/2023 4:10,-37.79688927,144.9691951,Alert-33 B,gr2.05,5,12/05/2023 14:10
1764,12/05/2023 4:10,-37.79646842,144.9692764,Alert-33 A,gr2.05,5,12/05/2023 14:10
1763,12/05/2023 4:10,-37.79642412,144.9692845,Alert-33 A,gr2.05,5,12/05/2023 14:10
1762,12/05/2023 4:08,-37.79782876,144.9703495,Alert-25 B,gr2.05,5,12/05/2023 14:08
1761,12/05/2023 4:08,-37.79815757,144.9703047,Alert-25 A,gr2.05,5,12/05/2023 14:08
1760,12/05/2023 4:08,-37.79904398,144.9701567,Alert-41 C,gr2.05,5,12/05/2023 14:08
1759,12/05/2023 4:08,-37.79909952,144.9701461,Alert-41 C,gr2.05,5,12/05/2023 14:08
1758,12/05/2023 4:08,-37.79956348,144.9700496,Alert-41 B,gr2.05,5,12/05/2023 14:08
1757,12/05/2023 4:08,-37.8001725,144.9699448,Alert-41 A,gr2.05,5,12/05/2023 14:08
1756,12/05/2023 4:08,-37.80023746,144.9699391,Alert-41 A,gr2.05,5,12/05/2023 14:08
1755,12/05/2023 4:02,-37.79643822,144.9692705,Alert-33 A,gr3.05,4,12/05/2023 14:02
1754,12/05/2023 4:02,-37.79639275,144.96927,Alert-33 A,gr3.05,4,12/05/2023 14:02
1753,12/05/2023 4:01,-37.79814965,144.9703286,Alert-25 A,gr3.05,4,12/05/2023 14:01
1752,12/05/2023 4:00,-37.80018331,144.9699809,Alert-41 A,gr3.05,4,12/05/2023 14:00
1751,12/05/2023 3:47,-37.7969419,144.9691806,Alert-33 B,gr2.05,2,12/05/2023 13:47
1750,12/05/2023 3:47,-37.79689579,144.9691873,Alert-33 B,gr2.05,2,12/05/2023 13:47
1749,12/05/2023 3:47,-37.79644959,144.9692875,Alert-33 A,gr2.05,2,12/05/2023 13:47
1748,12/05/2023 3:47,-37.79641156,144.9692925,Alert-33 A,gr2.05,2,12/05/2023 13:47
1747,12/05/2023 3:45,-37.79780422,144.9703572,Alert-25 B,gr2.05,2,12/05/2023 13:45
1746,12/05/2023 3:45,-37.79815506,144.9702955,Alert-25 A,gr2.05,2,12/05/2023 13:45
1745,12/05/2023 3:45,-37.79905231,144.9701384,Alert-41 C,gr2.05,2,12/05/2023 13:45
1744,12/05/2023 3:45,-37.79906974,144.9701403,Alert-41 C,gr2.05,2,12/05/2023 13:45
1743,12/05/2023 3:45,-37.79908568,144.9701413,Alert-41 C,gr2.05,2,12/05/2023 13:45
1742,12/05/2023 3:45,-37.7995461,144.9700448,Alert-41 B,gr2.05,2,12/05/2023 13:45
1741,12/05/2023 3:45,-37.79960682,144.9700352,Alert-41 B,gr2.05,2,12/05/2023 13:45
1740,12/05/2023 3:45,-37.80015759,144.9699431,Alert-41 A,gr2.05,2,12/05/2023 13:45
1739,12/05/2023 3:45,-37.80022523,144.9699308,Alert-41 A,gr2.05,2,12/05/2023 13:45
1738,12/05/2023 3:40,-37.79694127,144.9691901,Alert-33 B,gr3.05,1,12/05/2023 13:40
1737,12/05/2023 3:40,-37.79691304,144.969209,Alert-33 B,gr3.05,1,12/05/2023 13:40
1736,12/05/2023 3:40,-37.79687531,144.9692143,Alert-33 B,gr3.05,1,12/05/2023 13:40
1735,12/05/2023 3:39,-37.79643852,144.9692944,Alert-33 A,gr3.05,1,12/05/2023 13:39
1734,12/05/2023 3:39,-37.79644264,144.9692992,Alert-33 A,gr2.05,1,12/05/2023 13:39
1733,12/05/2023 3:39,-37.79640007,144.9693003,Alert-33 A,gr3.05,1,12/05/2023 13:39
1732,12/05/2023 3:39,-37.79641077,144.9693064,Alert-33 A,gr2.05,1,12/05/2023 13:39
1731,12/05/2023 3:38,-37.7978293,144.9703796,Alert-25 B,gr3.05,1,12/05/2023 13:38
1730,12/05/2023 3:38,-37.7981465,144.9703291,Alert-25 A,gr3.05,1,12/05/2023 13:38
1729,12/05/2023 3:38,-37.79813466,144.9703184,Alert-25 A,gr2.05,1,12/05/2023 13:38
1728,12/05/2023 3:38,-37.79907338,144.9701369,Alert-41 C,gr3.05,1,12/05/2023 13:38
1727,12/05/2023 3:38,-37.79958831,144.9700852,Alert-41 B,gr3.05,1,12/05/2023 13:38
1726,12/05/2023 3:38,-37.80016269,144.9699844,Alert-41 A,gr3.05,1,12/05/2023 13:38
1725,12/05/2023 3:38,-37.80022779,144.9699735,Alert-41 A,gr3.05,1,12/05/2023 13:38
1724,12/05/2023 3:38,-37.80020461,144.969935,Alert-41 A,gr2.05,1,12/05/2023 13:38
1723,12/05/2023 2:56,-37.79693764,144.969179,Alert-33 B,gr1.05,3,12/05/2023 12:56
1722,12/05/2023 2:56,-37.79688506,144.9691822,Alert-33 B,gr1.05,3,12/05/2023 12:56
1721,12/05/2023 2:56,-37.79644849,144.9692501,Alert-33 A,gr1.05,3,12/05/2023 12:56
1720,12/05/2023 2:55,-37.79781404,144.970382,Alert-25 B,gr1.05,3,12/05/2023 12:55
1719,12/05/2023 2:55,-37.79817099,144.9703254,Alert-25 A,gr1.05,3,12/05/2023 12:55
1718,12/05/2023 2:55,-37.79911035,144.9701515,Alert-41 C,gr1.05,3,12/05/2023 12:55
1717,12/05/2023 2:54,-37.8002025,144.9699777,Alert-41 A,gr1.05,3,12/05/2023 12:54
1716,12/05/2023 2:54,-37.7969098,144.9691875,Alert-33 B,gr4.04,4,12/05/2023 12:54
1715,12/05/2023 2:54,-37.796899,144.9691907,Alert-33 B,gr4.04,4,12/05/2023 12:54
1714,12/05/2023 2:54,-37.7964417,144.9692357,Alert-33 A,gr4.04,4,12/05/2023 12:54
1713,12/05/2023 2:53,-37.7977892,144.9703385,Alert-25 B,gr4.04,4,12/05/2023 12:53
1712,12/05/2023 2:53,-37.797844,144.970327,Alert-25 B,gr4.04,4,12/05/2023 12:53
1711,12/05/2023 2:53,-37.7981299,144.9702917,Alert-25 A,gr4.04,4,12/05/2023 12:53
1710,12/05/2023 2:53,-37.7981849,144.970291,Alert-25 A,gr4.04,4,12/05/2023 12:53
1709,12/05/2023 2:53,-37.7990464,144.9701126,Alert-41 C,gr4.04,4,12/05/2023 12:53
1708,12/05/2023 2:53,-37.7990597,144.9701155,Alert-41 C,gr4.04,4,12/05/2023 12:53
1707,12/05/2023 2:53,-37.7990725,144.9701159,Alert-41 C,gr4.04,4,12/05/2023 12:53
1706,12/05/2023 2:53,-37.7990862,144.9701167,Alert-41 C,gr4.04,4,12/05/2023 12:53
1705,12/05/2023 2:53,-37.7991052,144.9701202,Alert-41 C,gr4.04,4,12/05/2023 12:53
1704,12/05/2023 2:52,-37.7995937,144.9700028,Alert-41 B,gr4.04,4,12/05/2023 12:52
1703,12/05/2023 2:52,-37.8002259,144.969906,Alert-41 A,gr4.04,4,12/05/2023 12:52
1702,12/05/2023 2:52,-37.79640846,144.9692527,Alert-33 A,gr1.05,2,12/05/2023 12:52
1701,12/05/2023 2:50,-37.79812242,144.9703328,Alert-25 A,gr1.05,2,12/05/2023 12:50
1700,12/05/2023 2:50,-37.79820114,144.9703207,Alert-25 A,gr1.05,2,12/05/2023 12:50
1699,12/05/2023 2:49,-37.80019224,144.9699794,Alert-41 A,gr1.05,2,12/05/2023 12:49
1698,12/05/2023 2:48,-37.7964105,144.9692106,Alert-33 A,gr4.04,3,12/05/2023 12:48
1697,12/05/2023 2:47,-37.7981373,144.9702697,Alert-25 A,gr4.04,3,12/05/2023 12:47
1696,12/05/2023 2:47,-37.8002093,144.9699055,Alert-41 A,gr4.04,3,12/05/2023 12:47
1695,12/05/2023 2:42,-37.79692037,144.9691773,Alert-33 B,gr3.04,5,12/05/2023 12:42
1694,12/05/2023 2:42,-37.79645985,144.9692286,Alert-33 A,gr3.04,5,12/05/2023 12:42
1693,12/05/2023 2:42,-37.7964322,144.9692336,Alert-33 A,gr3.04,5,12/05/2023 12:42
1692,12/05/2023 2:41,-37.79778053,144.9703757,Alert-25 B,gr3.04,5,12/05/2023 12:41
1691,12/05/2023 2:41,-37.79782408,144.9703744,Alert-25 B,gr3.04,5,12/05/2023 12:41
1690,12/05/2023 2:41,-37.79814945,144.9703109,Alert-25 A,gr3.04,5,12/05/2023 12:41
1689,12/05/2023 2:40,-37.79910946,144.9701316,Alert-41 C,gr3.04,5,12/05/2023 12:40
1688,12/05/2023 2:40,-37.79958196,144.9700861,Alert-41 B,gr3.04,5,12/05/2023 12:40
1687,12/05/2023 2:36,-37.79643966,144.969276,Alert-33 A,gr3.04,4,12/05/2023 12:36
1686,12/05/2023 2:36,-37.79639262,144.9692623,Alert-33 A,gr3.04,4,12/05/2023 12:36
1685,12/05/2023 2:35,-37.79812639,144.970313,Alert-25 A,gr3.04,4,12/05/2023 12:35
1684,12/05/2023 2:35,-37.79817696,144.9703244,Alert-25 A,gr3.04,4,12/05/2023 12:35
1683,12/05/2023 2:34,-37.80018455,144.9699373,Alert-41 A,gr3.04,4,12/05/2023 12:34
1682,12/05/2023 2:20,-37.79692896,144.969192,Alert-33 B,gr3.04,1,12/05/2023 12:20
1681,12/05/2023 2:20,-37.79690063,144.9692071,Alert-33 B,gr3.04,1,12/05/2023 12:20
1680,12/05/2023 2:20,-37.79645236,144.9692758,Alert-33 A,gr3.04,1,12/05/2023 12:20
1679,12/05/2023 2:20,-37.79640608,144.9692879,Alert-33 A,gr3.04,1,12/05/2023 12:20
1678,12/05/2023 2:19,-37.79784908,144.9703765,Alert-25 B,gr3.04,1,12/05/2023 12:19
1677,12/05/2023 2:19,-37.79817156,144.9703253,Alert-25 A,gr3.04,1,12/05/2023 12:19
1676,12/05/2023 2:19,-37.79906192,144.9701424,Alert-41 C,gr3.04,1,12/05/2023 12:19
1675,12/05/2023 2:18,-37.79954734,144.9700726,Alert-41 B,gr3.04,1,12/05/2023 12:18
1674,12/05/2023 2:18,-37.8001701,144.9699832,Alert-41 A,gr3.04,1,12/05/2023 12:18
1673,12/05/2023 2:15,-37.79643478,144.9692755,Alert-33 A,gr2.04,1,12/05/2023 12:15
1672,12/05/2023 2:14,-37.79813071,144.9702991,Alert-25 A,gr2.04,1,12/05/2023 12:14
1671,12/05/2023 2:14,-37.79819411,144.9702952,Alert-25 A,gr2.04,1,12/05/2023 12:14
1670,12/05/2023 2:14,-37.80020613,144.969932,Alert-41 A,gr2.04,1,12/05/2023 12:14
1669,12/05/2023 1:59,-37.85059,145.099814,Alert-41 B,1,1,12/05/2023 11:59
1668,12/05/2023 1:26,-37.7969,144.9691991,Alert-33 B,gr1.04,3,12/05/2023 11:26
1667,12/05/2023 1:26,-37.7964286,144.9692617,Alert-33 A,gr1.04,3,12/05/2023 11:26
1666,12/05/2023 1:25,-37.797773,144.9703547,Alert-25 B,gr1.04,3,12/05/2023 11:25
1665,12/05/2023 1:25,-37.7978294,144.9703421,Alert-25 B,gr1.04,3,12/05/2023 11:25
1664,12/05/2023 1:25,-37.7981533,144.9703286,Alert-25 A,gr1.04,3,12/05/2023 11:25
1663,12/05/2023 1:25,-37.7990391,144.9701246,Alert-41 C,gr1.04,3,12/05/2023 11:25
1662,12/05/2023 1:25,-37.7990724,144.9701187,Alert-41 C,gr1.04,3,12/05/2023 11:25
1661,12/05/2023 1:24,-37.7990962,144.9701161,Alert-41 C,gr1.04,3,12/05/2023 11:24
1660,12/05/2023 1:24,-37.7995949,144.9700462,Alert-41 B,gr1.04,3,12/05/2023 11:24
1659,12/05/2023 1:24,-37.8001926,144.9699229,Alert-41 A,gr1.04,3,12/05/2023 11:24
1658,12/05/2023 1:20,-37.7964404,144.9692646,Alert-33 A,gr1.04,2,12/05/2023 11:20
1657,12/05/2023 1:19,-37.79814,144.970324,Alert-25 A,gr1.04,2,12/05/2023 11:19
1656,12/05/2023 1:18,-37.8002189,144.9699151,Alert-41 A,gr1.04,2,12/05/2023 11:18
1655,12/05/2023 1:12,-37.79691249,144.9691992,Alert-33 B,gr4.03,5,12/05/2023 11:12
1654,12/05/2023 1:12,-37.79643437,144.9692777,Alert-33 A,gr4.03,5,12/05/2023 11:12
1653,12/05/2023 1:11,-37.7978293,144.9703543,Alert-25 B,gr4.03,5,12/05/2023 11:11
1652,12/05/2023 1:11,-37.79814864,144.9702989,Alert-25 A,gr4.03,5,12/05/2023 11:11
1651,12/05/2023 1:10,-37.79908839,144.9701226,Alert-41 C,gr4.03,5,12/05/2023 11:10
1650,12/05/2023 1:10,-37.79957647,144.9700404,Alert-41 B,gr4.03,5,12/05/2023 11:10
1649,12/05/2023 1:10,-37.80016655,144.9699359,Alert-41 A,gr4.03,5,12/05/2023 11:10
1648,12/05/2023 1:10,-37.80023167,144.9699233,Alert-41 A,gr4.03,5,12/05/2023 11:10
1647,12/05/2023 1:06,-37.79690859,144.9692075,Alert-33 B,gr4.03,4,12/05/2023 11:06
1646,12/05/2023 1:06,-37.79644356,144.9692845,Alert-33 A,gr4.03,4,12/05/2023 11:06
1645,12/05/2023 1:06,-37.79640086,144.9692874,Alert-33 A,gr4.03,4,12/05/2023 11:06
1644,12/05/2023 1:04,-37.79779311,144.9703611,Alert-25 B,gr4.03,4,12/05/2023 11:04
1643,12/05/2023 1:04,-37.79783204,144.9703522,Alert-25 B,gr4.03,4,12/05/2023 11:04
1642,12/05/2023 1:04,-37.79814352,144.9703055,Alert-25 A,gr4.03,4,12/05/2023 11:04
1641,12/05/2023 1:04,-37.79820007,144.9702984,Alert-25 A,gr4.03,4,12/05/2023 11:04
1640,12/05/2023 1:04,-37.79904446,144.9701419,Alert-41 C,gr4.03,4,12/05/2023 11:04
1639,12/05/2023 1:04,-37.79907867,144.9701366,Alert-41 C,gr4.03,4,12/05/2023 11:04
1638,12/05/2023 1:04,-37.79910928,144.9701306,Alert-41 C,gr4.03,4,12/05/2023 11:04
1637,12/05/2023 1:04,-37.79960595,144.9700371,Alert-41 B,gr4.03,4,12/05/2023 11:04
1636,12/05/2023 1:04,-37.7969195,144.9691571,Alert-33 B,gr3.03,5,12/05/2023 11:04
1635,12/05/2023 1:04,-37.79689046,144.9691659,Alert-33 B,gr3.03,5,12/05/2023 11:04
1634,12/05/2023 1:04,-37.80018104,144.9699273,Alert-41 A,gr4.03,4,12/05/2023 11:04
1633,12/05/2023 1:04,-37.79644941,144.9692489,Alert-33 A,gr3.03,5,12/05/2023 11:04
1632,12/05/2023 1:04,-37.79641306,144.9692599,Alert-33 A,gr3.03,5,12/05/2023 11:04
1631,12/05/2023 1:02,-37.79780544,144.9703071,Alert-25 B,gr3.03,5,12/05/2023 11:02
1630,12/05/2023 1:02,-37.79814724,144.9702506,Alert-25 A,gr3.03,5,12/05/2023 11:02
1629,12/05/2023 1:02,-37.79907648,144.9701005,Alert-41 C,gr3.03,5,12/05/2023 11:02
1628,12/05/2023 1:02,-37.79960164,144.96999,Alert-41 B,gr3.03,5,12/05/2023 11:02
1627,12/05/2023 1:02,-37.80016474,144.9698708,Alert-41 A,gr3.03,5,12/05/2023 11:02
1626,12/05/2023 1:02,-37.80021809,144.9698605,Alert-41 A,gr3.03,5,12/05/2023 11:02
1625,12/05/2023 1:00,-37.79644892,144.9692741,Alert-33 A,gr4.03,3,12/05/2023 11:00
1624,12/05/2023 1:00,-37.79639958,144.9692787,Alert-33 A,gr4.03,3,12/05/2023 11:00
1623,12/05/2023 0:58,-37.79814031,144.9703009,Alert-25 A,gr4.03,3,12/05/2023 10:58
1622,12/05/2023 0:58,-37.79819214,144.9702954,Alert-25 A,gr4.03,3,12/05/2023 10:58
1621,12/05/2023 0:57,-37.80018765,144.969932,Alert-41 A,gr4.03,3,12/05/2023 10:57
1620,12/05/2023 0:56,-37.79645055,144.9692746,Alert-33 A,gr3.03,4,12/05/2023 10:56
1619,12/05/2023 0:56,-37.79642002,144.9692853,Alert-33 A,gr3.03,4,12/05/2023 10:56
1618,12/05/2023 0:54,-37.79818741,144.9702539,Alert-25 A,gr3.03,4,12/05/2023 10:54
1617,12/05/2023 0:54,-37.80020028,144.9698766,Alert-41 A,gr3.03,4,12/05/2023 10:54
1616,12/05/2023 0:33,-37.79693438,144.9691076,Alert-33 B,gr3.03,1,12/05/2023 10:33
1615,12/05/2023 0:33,-37.79689053,144.9691248,Alert-33 B,gr3.03,1,12/05/2023 10:33
1614,12/05/2023 0:33,-37.79646384,144.9692369,Alert-33 A,gr3.03,1,12/05/2023 10:33
1613,12/05/2023 0:33,-37.79643029,144.9692528,Alert-33 A,gr3.03,1,12/05/2023 10:33
1612,12/05/2023 0:33,-37.79639342,144.9692684,Alert-33 A,gr3.03,1,12/05/2023 10:33
1611,12/05/2023 0:32,-37.7977894,144.9703139,Alert-25 B,gr3.03,1,12/05/2023 10:32
1610,12/05/2023 0:32,-37.79784303,144.9702982,Alert-25 B,gr3.03,1,12/05/2023 10:32
1609,12/05/2023 0:32,-37.79816313,144.9702778,Alert-25 A,gr3.03,1,12/05/2023 10:32
1608,12/05/2023 0:31,-37.79904885,144.9701697,Alert-41 C,gr3.03,1,12/05/2023 10:31
1607,12/05/2023 0:31,-37.79907092,144.9701693,Alert-41 C,gr3.03,1,12/05/2023 10:31
1606,12/05/2023 0:31,-37.79910152,144.970104,Alert-41 C,gr3.03,1,12/05/2023 10:31
1605,12/05/2023 0:31,-37.79959877,144.9700095,Alert-41 B,gr3.03,1,12/05/2023 10:31
1604,12/05/2023 0:31,-37.80020982,144.9698845,Alert-41 A,gr3.03,1,12/05/2023 10:31
1603,12/05/2023 0:28,-37.79687399,144.9691912,Alert-33 B,gr4.02,9,12/05/2023 10:28
1602,12/05/2023 0:28,-37.7968916,144.9691831,Alert-33 B,gr2.01,5,12/05/2023 10:28
1601,12/05/2023 0:28,-37.79641455,144.9692696,Alert-33 A,gr4.02,9,12/05/2023 10:28
1600,12/05/2023 0:28,-37.796433,144.9692661,Alert-33 A,gr2.01,5,12/05/2023 10:28
1599,12/05/2023 0:27,-37.79779205,144.9703855,Alert-25 B,gr4.02,9,12/05/2023 10:27
1598,12/05/2023 0:26,-37.79783575,144.9703786,Alert-25 B,gr4.02,9,12/05/2023 10:26
1597,12/05/2023 0:26,-37.7977842,144.9703243,Alert-25 B,gr2.01,5,12/05/2023 10:26
1596,12/05/2023 0:26,-37.7978358,144.9703182,Alert-25 B,gr2.01,5,12/05/2023 10:26
1595,12/05/2023 0:26,-37.79814536,144.9703293,Alert-25 A,gr4.02,9,12/05/2023 10:26
1594,12/05/2023 0:26,-37.7981182,144.9702845,Alert-25 A,gr2.01,5,12/05/2023 10:26
1593,12/05/2023 0:26,-37.798193,144.9702715,Alert-25 A,gr2.01,5,12/05/2023 10:26
1592,12/05/2023 0:26,-37.7990302,144.9701328,Alert-41 C,gr4.02,9,12/05/2023 10:26
1591,12/05/2023 0:26,-37.7991032,144.9700854,Alert-41 C,gr2.01,5,12/05/2023 10:26
1590,12/05/2023 0:26,-37.79954983,144.9700906,Alert-41 B,gr4.02,9,12/05/2023 10:26
1589,12/05/2023 0:26,-37.79962878,144.970079,Alert-41 B,gr4.02,9,12/05/2023 10:26
1588,12/05/2023 0:26,-37.7995408,144.9700125,Alert-41 B,gr2.01,5,12/05/2023 10:26
1587,12/05/2023 0:26,-37.80018622,144.9699805,Alert-41 A,gr4.02,9,12/05/2023 10:26
1586,12/05/2023 0:26,-37.8001877,144.9699061,Alert-41 A,gr2.01,5,12/05/2023 10:26
1585,12/05/2023 0:21,-37.79692462,144.9691583,Alert-33 B,gr1.03,5,12/05/2023 10:21
1584,12/05/2023 0:21,-37.79688533,144.9691623,Alert-33 B,gr1.03,5,12/05/2023 10:21
1583,12/05/2023 0:21,-37.79644845,144.9692314,Alert-33 A,gr1.03,5,12/05/2023 10:21
1582,12/05/2023 0:21,-37.79640032,144.9692445,Alert-33 A,gr1.03,5,12/05/2023 10:21
1581,12/05/2023 0:20,-37.79780833,144.9703829,Alert-25 B,gr1.03,5,12/05/2023 10:20
1580,12/05/2023 0:20,-37.79818743,144.9703228,Alert-25 A,gr1.03,5,12/05/2023 10:20
1579,12/05/2023 0:20,-37.79907786,144.9701565,Alert-41 C,gr1.03,5,12/05/2023 10:20
1578,12/05/2023 0:19,-37.80019658,144.9699068,Alert-41 A,gr1.03,5,12/05/2023 10:19
1577,12/05/2023 0:18,-37.79692701,144.9691746,Alert-33 B,gr4.02,7,12/05/2023 10:18
1576,12/05/2023 0:18,-37.7968795,144.9691818,Alert-33 B,gr4.02,7,12/05/2023 10:18
1575,12/05/2023 0:18,-37.79644518,144.9692573,Alert-33 A,gr4.02,7,12/05/2023 10:18
1574,12/05/2023 0:17,-37.79778399,144.9703868,Alert-25 B,gr4.02,7,12/05/2023 10:17
1573,12/05/2023 0:17,-37.79783442,144.9703788,Alert-25 B,gr4.02,7,12/05/2023 10:17
1572,12/05/2023 0:17,-37.79814433,144.9703294,Alert-25 A,gr4.02,7,12/05/2023 10:17
1571,12/05/2023 0:17,-37.79907372,144.9701125,Alert-41 C,gr4.02,7,12/05/2023 10:17
1570,12/05/2023 0:17,-37.79956964,144.9700366,Alert-41 B,gr4.02,7,12/05/2023 10:17
1569,12/05/2023 0:17,-37.80018242,144.9699216,Alert-41 A,gr4.02,7,12/05/2023 10:17
1568,12/05/2023 0:13,-37.7968977,144.9691798,Alert-33 B,gr2.01,2,12/05/2023 10:13
1567,12/05/2023 0:13,-37.7964111,144.9692527,Alert-33 A,gr2.01,2,12/05/2023 10:13
1566,12/05/2023 0:12,-37.7978199,144.9703282,Alert-25 B,gr2.01,2,12/05/2023 10:12
1565,12/05/2023 0:12,-37.7981609,144.970282,Alert-25 A,gr2.01,2,12/05/2023 10:12
1564,12/05/2023 0:12,-37.7990782,144.9700943,Alert-41 C,gr2.01,2,12/05/2023 10:12
1563,12/05/2023 0:11,-37.7995776,144.970005,Alert-41 B,gr2.01,2,12/05/2023 10:11
1562,12/05/2023 0:11,-37.8001815,144.96989,Alert-41 A,gr2.01,2,12/05/2023 10:11
1561,12/05/2023 0:08,-37.7969274,144.9691741,Alert-33 B,gr4.02,5,12/05/2023 10:08
1560,12/05/2023 0:08,-37.79687423,144.9691826,Alert-33 B,gr4.02,5,12/05/2023 10:08
1559,12/05/2023 0:08,-37.79644822,144.9692607,Alert-33 A,gr4.02,5,12/05/2023 10:08
1558,12/05/2023 0:07,-37.79779788,144.9703846,Alert-25 B,gr4.02,5,12/05/2023 10:07
1557,12/05/2023 0:07,-37.79814014,144.9703301,Alert-25 A,gr4.02,5,12/05/2023 10:07
1556,12/05/2023 0:07,-37.79904329,144.9701621,Alert-41 C,gr4.02,5,12/05/2023 10:07
1555,12/05/2023 0:07,-37.79956078,144.9700353,Alert-41 B,gr4.02,5,12/05/2023 10:07
1554,12/05/2023 0:07,-37.80020787,144.9699141,Alert-41 A,gr4.02,5,12/05/2023 10:07
1553,12/05/2023 0:07,-37.7964051,144.96924,Alert-33 A,gr2.01,1,12/05/2023 10:07
1552,12/05/2023 0:06,-37.7981788,144.9702878,Alert-25 A,gr2.01,1,12/05/2023 10:06
1551,12/05/2023 0:06,-37.8001814,144.9699058,Alert-41 A,gr2.01,1,12/05/2023 10:06
1550,12/05/2023 0:04,-37.79692247,144.969145,Alert-33 B,gr1.03,3,12/05/2023 10:04
1549,12/05/2023 0:04,-37.79689274,144.9691469,Alert-33 B,gr1.03,3,12/05/2023 10:04
1548,12/05/2023 0:04,-37.79645856,144.9692336,Alert-33 A,gr1.03,3,12/05/2023 10:04
1547,12/05/2023 0:04,-37.79642448,144.969241,Alert-33 A,gr1.03,3,12/05/2023 10:04
1546,12/05/2023 0:04,-37.79639016,144.9692445,Alert-33 A,gr1.03,3,12/05/2023 10:04
1545,12/05/2023 0:04,-37.79691681,144.9691762,Alert-33 B,gr4.02,4,12/05/2023 10:04
1544,12/05/2023 0:03,-37.79645614,144.9692517,Alert-33 A,gr4.02,4,12/05/2023 10:03
1543,12/05/2023 0:03,-37.79639527,144.9692531,Alert-33 A,gr4.02,4,12/05/2023 10:03
1542,12/05/2023 0:03,-37.79783923,144.9703781,Alert-25 B,gr1.03,3,12/05/2023 10:03
1541,12/05/2023 0:03,-37.79779017,144.97035,Alert-25 B,gr4.02,4,12/05/2023 10:03
1540,12/05/2023 0:03,-37.79812966,144.9703317,Alert-25 A,gr1.03,3,12/05/2023 10:03
1539,12/05/2023 0:03,-37.79817297,144.9702916,Alert-25 A,gr4.02,4,12/05/2023 10:03
1538,12/05/2023 0:02,-37.79906716,144.9701104,Alert-41 C,gr1.03,3,12/05/2023 10:02
1537,12/05/2023 0:02,-37.79903719,144.9701235,Alert-41 C,gr4.02,4,12/05/2023 10:02
1536,12/05/2023 0:02,-37.79960045,144.970084,Alert-41 B,gr1.03,3,12/05/2023 10:02
1535,12/05/2023 0:02,-37.79907167,144.9701128,Alert-41 C,gr4.02,4,12/05/2023 10:02
1534,12/05/2023 0:02,-37.79908651,144.9701551,Alert-41 C,gr4.02,4,12/05/2023 10:02
1533,12/05/2023 0:02,-37.79910213,144.9701526,Alert-41 C,gr4.02,4,12/05/2023 10:02
1532,12/05/2023 0:02,-37.80020481,144.9699773,Alert-41 A,gr1.03,3,12/05/2023 10:02
1531,12/05/2023 0:02,-37.79956674,144.9700882,Alert-41 B,gr4.02,4,12/05/2023 10:02
1530,12/05/2023 0:02,-37.8001984,144.9699784,Alert-41 A,gr4.02,4,12/05/2023 10:02
1529,12/05/2023 0:02,-37.7964307,144.9692598,Alert-33 A,gr2.01,1,12/05/2023 10:02
1528,12/05/2023 0:00,-37.7981419,144.9702996,Alert-25 A,gr2.01,1,12/05/2023 10:00
1527,11/05/2023 23:59,-37.8002181,144.9699013,Alert-41 A,gr2.01,1,12/05/2023 9:59
1526,11/05/2023 23:58,-37.79646457,144.9692094,Alert-33 A,gr1.03,2,12/05/2023 9:58
1525,11/05/2023 23:58,-37.79641404,144.9692357,Alert-33 A,gr1.03,2,12/05/2023 9:58
1524,11/05/2023 23:58,-37.79646966,144.9692465,Alert-33 A,gr4.02,3,12/05/2023 9:58
1523,11/05/2023 23:58,-37.79641516,144.9692576,Alert-33 A,gr4.02,3,12/05/2023 9:58
1522,11/05/2023 23:57,-37.79813052,144.9703316,Alert-25 A,gr4.02,3,12/05/2023 9:57
1521,11/05/2023 23:57,-37.79819528,144.9703018,Alert-25 A,gr1.03,2,12/05/2023 9:57
1520,11/05/2023 23:57,-37.80016433,144.9699267,Alert-41 A,gr4.02,3,12/05/2023 9:57
1519,11/05/2023 23:57,-37.80017209,144.9699278,Alert-41 A,gr1.03,2,12/05/2023 9:57
1518,11/05/2023 23:51,-37.79692324,144.9691893,Alert-33 B,gr2.02,2,12/05/2023 9:51
1517,11/05/2023 23:51,-37.79687402,144.9691966,Alert-33 B,gr2.02,2,12/05/2023 9:51
1516,11/05/2023 23:51,-37.79646423,144.9692646,Alert-33 A,gr2.02,2,12/05/2023 9:51
1515,11/05/2023 23:51,-37.79642304,144.9692713,Alert-33 A,gr2.02,2,12/05/2023 9:51
1514,11/05/2023 23:50,-37.79779426,144.9703371,Alert-25 B,gr2.02,2,12/05/2023 9:50
1513,11/05/2023 23:50,-37.79784361,144.9703282,Alert-25 B,gr2.02,2,12/05/2023 9:50
1512,11/05/2023 23:50,-37.79813903,144.970297,Alert-25 A,gr2.02,2,12/05/2023 9:50
1511,11/05/2023 23:50,-37.79819776,144.970287,Alert-25 A,gr2.02,2,12/05/2023 9:50
1510,11/05/2023 23:50,-37.79902805,144.9701199,Alert-41 C,gr2.02,2,12/05/2023 9:50
1509,11/05/2023 23:50,-37.7990646,144.9701124,Alert-41 C,gr2.02,2,12/05/2023 9:50
1508,11/05/2023 23:50,-37.79909164,144.9701077,Alert-41 C,gr2.02,2,12/05/2023 9:50
1507,11/05/2023 23:50,-37.79910286,144.9701079,Alert-41 C,gr2.02,2,12/05/2023 9:50
1506,11/05/2023 23:50,-37.79954447,144.9700372,Alert-41 B,gr2.02,2,12/05/2023 9:50
1505,11/05/2023 23:50,-37.79960992,144.970024,Alert-41 B,gr2.02,2,12/05/2023 9:50
1504,11/05/2023 23:49,-37.80017295,144.969913,Alert-41 A,gr2.02,2,12/05/2023 9:49
1503,11/05/2023 23:47,-37.79749441,144.9704405,BP,gr4.02,1,12/05/2023 9:47
1502,11/05/2023 23:44,-37.79645701,144.969264,Alert-33 A,gr2.02,1,12/05/2023 9:44
1501,11/05/2023 23:44,-37.79641957,144.9692673,Alert-33 A,gr2.02,1,12/05/2023 9:44
1500,11/05/2023 23:43,-37.79813669,144.9702865,Alert-25 A,gr2.02,1,12/05/2023 9:43
1499,11/05/2023 23:42,-37.80017067,144.9699241,Alert-41 A,gr2.02,1,12/05/2023 9:42
1498,11/05/2023 23:42,-37.80023428,144.9699123,Alert-41 A,gr2.02,1,12/05/2023 9:42
1497,11/05/2023 23:29,-37.7978107,144.9703409,Alert-25 B,gr3.02,1,12/05/2023 9:29
1496,11/05/2023 23:29,-37.7981275,144.9702947,Alert-25 A,gr3.02,1,12/05/2023 9:29
1495,11/05/2023 23:29,-37.7981809,144.9702841,Alert-25 A,gr3.02,1,12/05/2023 9:29
1494,11/05/2023 23:28,-37.7990302,144.9701114,Alert-41 C,gr3.02,1,12/05/2023 9:28
1493,11/05/2023 23:28,-37.7990412,144.9701126,Alert-41 C,gr3.02,1,12/05/2023 9:28
1492,11/05/2023 23:28,-37.7990479,144.9701208,Alert-41 C,gr3.02,1,12/05/2023 9:28
1491,11/05/2023 23:28,-37.7990576,144.9701239,Alert-41 C,gr3.02,1,12/05/2023 9:28
1490,11/05/2023 23:28,-37.7990776,144.9701245,Alert-41 C,gr3.02,1,12/05/2023 9:28
1489,11/05/2023 23:28,-37.7991034,144.9701212,Alert-41 C,gr3.02,1,12/05/2023 9:28
1488,11/05/2023 23:28,-37.7995587,144.9700477,Alert-41 B,gr3.02,1,12/05/2023 9:28
1487,11/05/2023 23:28,-37.800204,144.9699184,Alert-41 A,gr3.02,1,12/05/2023 9:28
1486,11/05/2023 23:20,-37.7978008,144.9703315,Alert-25 B,gr3.02,1,12/05/2023 9:20
1485,11/05/2023 23:20,-37.7981602,144.9702812,Alert-25 A,gr3.02,1,12/05/2023 9:20
1484,11/05/2023 23:20,-37.7990353,144.9701218,Alert-41 C,gr3.02,1,12/05/2023 9:20
1483,11/05/2023 23:20,-37.7995897,144.9700325,Alert-41 B,gr3.02,1,12/05/2023 9:20
1482,11/05/2023 23:20,-37.8001815,144.969912,Alert-41 A,gr3.02,1,12/05/2023 9:20
1481,11/05/2023 23:14,-37.7977839,144.9703319,Alert-25 B,gr3.02,1,12/05/2023 9:14
1480,11/05/2023 23:14,-37.7981782,144.9702779,Alert-25 A,gr3.02,1,12/05/2023 9:14
1479,11/05/2023 23:13,-37.7990475,144.9701233,Alert-41 C,gr3.02,1,12/05/2023 9:13
1478,11/05/2023 23:13,-37.7996018,144.9700235,Alert-41 B,gr3.02,1,12/05/2023 9:13
1477,11/05/2023 23:13,-37.8001655,144.9699248,Alert-41 A,gr3.02,1,12/05/2023 9:13
1476,11/05/2023 23:13,-37.8002257,144.9699137,Alert-41 A,gr3.02,1,12/05/2023 9:13
1475,11/05/2023 23:06,-37.7978049,144.9703178,Alert-25 B,gr3.02,1,12/05/2023 9:06
1474,11/05/2023 23:06,-37.7981164,144.9702849,Alert-25 A,gr3.02,1,12/05/2023 9:06
1473,11/05/2023 23:06,-37.7981768,144.970276,Alert-25 A,gr3.02,1,12/05/2023 9:06
1472,11/05/2023 23:06,-37.7990416,144.9701127,Alert-41 C,gr3.02,1,12/05/2023 9:06
1471,11/05/2023 23:06,-37.7990567,144.9701072,Alert-41 C,gr3.02,1,12/05/2023 9:06
1470,11/05/2023 23:06,-37.7990774,144.9701029,Alert-41 C,gr3.02,1,12/05/2023 9:06
1469,11/05/2023 23:06,-37.7991011,144.9701015,Alert-41 C,gr3.02,1,12/05/2023 9:06
1468,11/05/2023 23:06,-37.7995628,144.9700168,Alert-41 B,gr3.02,1,12/05/2023 9:06
1467,11/05/2023 23:05,-37.8001913,144.9699109,Alert-41 A,gr3.02,1,12/05/2023 9:05
1466,11/05/2023 22:58,-37.7977787,144.970327,Alert-25 B,gr3.02,1,12/05/2023 8:58
1465,11/05/2023 22:58,-37.7978371,144.9703138,Alert-25 B,gr3.02,1,12/05/2023 8:58
1464,11/05/2023 22:58,-37.7981395,144.9702785,Alert-25 A,gr3.02,1,12/05/2023 8:58
1463,11/05/2023 22:58,-37.7981817,144.9702706,Alert-25 A,gr3.02,1,12/05/2023 8:58
1462,11/05/2023 22:58,-37.7990312,144.9700988,Alert-41 C,gr3.02,1,12/05/2023 8:58
1461,11/05/2023 22:58,-37.7990416,144.9700932,Alert-41 C,gr3.02,1,12/05/2023 8:58
1460,11/05/2023 22:57,-37.7990573,144.9700797,Alert-41 C,gr3.02,1,12/05/2023 8:57
1459,11/05/2023 22:57,-37.7990738,144.9700754,Alert-41 C,gr3.02,1,12/05/2023 8:57
1458,11/05/2023 22:57,-37.7990832,144.9700757,Alert-41 C,gr3.02,1,12/05/2023 8:57
1457,11/05/2023 22:57,-37.7990748,144.9700813,Alert-41 C,gr3.02,1,12/05/2023 8:57
1456,11/05/2023 22:57,-37.799068,144.9700917,Alert-41 C,gr3.02,1,12/05/2023 8:57
1455,11/05/2023 22:57,-37.7995483,144.9700225,Alert-41 B,gr3.02,1,12/05/2023 8:57
1454,11/05/2023 22:57,-37.7995791,144.9700159,Alert-41 B,gr3.02,1,12/05/2023 8:57
1453,11/05/2023 22:57,-37.7996042,144.9700103,Alert-41 B,gr3.02,1,12/05/2023 8:57
1452,11/05/2023 22:57,-37.8002034,144.9699093,Alert-41 A,gr3.02,1,12/05/2023 8:57
1451,11/05/2023 22:44,-37.7969412,144.9692001,Alert-33 B,gr1.02,5,12/05/2023 8:44
1450,11/05/2023 22:44,-37.7968804,144.9692128,Alert-33 B,gr1.02,5,12/05/2023 8:44
1449,11/05/2023 22:44,-37.796412,144.9692476,Alert-33 A,gr1.02,5,12/05/2023 8:44
1448,11/05/2023 22:43,-37.7977854,144.9703492,Alert-25 B,gr1.02,5,12/05/2023 8:43
1447,11/05/2023 22:43,-37.7978388,144.9703393,Alert-25 B,gr1.02,5,12/05/2023 8:43
1446,11/05/2023 22:43,-37.7981376,144.9702964,Alert-25 A,gr1.02,5,12/05/2023 8:43
1445,11/05/2023 22:42,-37.8002247,144.9699276,Alert-41 A,gr1.02,5,12/05/2023 8:42
1444,11/05/2023 22:36,-37.79690702,144.9691898,Alert-33 B,gr2.03,5,12/05/2023 8:36
1443,11/05/2023 22:36,-37.79645327,144.9692737,Alert-33 A,gr3.01,4,12/05/2023 8:36
1442,11/05/2023 22:36,-37.79640519,144.9692639,Alert-33 A,gr3.01,4,12/05/2023 8:36
1441,11/05/2023 22:36,-37.79647056,144.9692563,Alert-33 A,gr2.03,5,12/05/2023 8:36
1440,11/05/2023 22:36,-37.79642066,144.9692658,Alert-33 A,gr2.03,5,12/05/2023 8:36
1439,11/05/2023 22:35,-37.79777473,144.9703525,Alert-25 B,gr2.03,5,12/05/2023 8:35
1438,11/05/2023 22:35,-37.79816719,144.9702722,Alert-25 A,gr3.01,4,12/05/2023 8:35
1437,11/05/2023 22:35,-37.79817548,144.9702843,Alert-25 A,gr2.03,5,12/05/2023 8:35
1436,11/05/2023 22:35,-37.79903108,144.970134,Alert-41 C,gr2.03,5,12/05/2023 8:35
1435,11/05/2023 22:35,-37.7990756,144.9701237,Alert-41 C,gr2.03,5,12/05/2023 8:35
1434,11/05/2023 22:35,-37.79909957,144.9701153,Alert-41 C,gr2.03,5,12/05/2023 8:35
1433,11/05/2023 22:35,-37.79958919,144.9700852,Alert-41 B,gr2.03,5,12/05/2023 8:35
1432,11/05/2023 22:34,-37.8001795,144.969904,Alert-41 A,gr3.01,4,12/05/2023 8:34
1431,11/05/2023 22:34,-37.80022028,144.9699747,Alert-41 A,gr2.03,5,12/05/2023 8:34
1430,11/05/2023 22:31,-37.79691,144.9691975,Alert-33 B,gr1.02,3,12/05/2023 8:31
1429,11/05/2023 22:31,-37.7964188,144.9692285,Alert-33 A,gr1.02,3,12/05/2023 8:31
1428,11/05/2023 22:30,-37.7978219,144.9703335,Alert-25 B,gr1.02,3,12/05/2023 8:30
1427,11/05/2023 22:30,-37.7981931,144.9702919,Alert-25 A,gr1.02,3,12/05/2023 8:30
1426,11/05/2023 22:30,-37.7990424,144.9701149,Alert-41 C,gr1.02,3,12/05/2023 8:30
1425,11/05/2023 22:30,-37.7995977,144.9700253,Alert-41 B,gr1.02,3,12/05/2023 8:30
1424,11/05/2023 22:30,-37.8001939,144.969911,Alert-41 A,gr1.02,3,12/05/2023 8:30
1423,11/05/2023 22:26,-37.7969437,144.9691878,Alert-33 B,gr1.02,3,12/05/2023 8:26
1422,11/05/2023 22:26,-37.7968905,144.9691927,Alert-33 B,gr1.02,3,12/05/2023 8:26
1421,11/05/2023 22:26,-37.7964238,144.9692829,Alert-33 A,gr1.02,3,12/05/2023 8:26
1420,11/05/2023 22:26,-37.7964396,144.9692354,Alert-33 A,gr1.02,2,12/05/2023 8:26
1419,11/05/2023 22:25,-37.7978489,144.9703534,Alert-25 B,gr1.02,3,12/05/2023 8:25
1418,11/05/2023 22:25,-37.7981322,144.9703144,Alert-25 A,gr1.02,2,12/05/2023 8:25
1417,11/05/2023 22:25,-37.7981754,144.9702972,Alert-25 A,gr1.02,3,12/05/2023 8:25
1416,11/05/2023 22:25,-37.7990561,144.9701279,Alert-41 C,gr1.02,3,12/05/2023 8:25
1415,11/05/2023 22:25,-37.7990854,144.9701333,Alert-41 C,gr1.02,3,12/05/2023 8:25
1414,11/05/2023 22:25,-37.7990947,144.9701313,Alert-41 C,gr1.02,3,12/05/2023 8:25
1413,11/05/2023 22:25,-37.8001888,144.9699228,Alert-41 A,gr1.02,2,12/05/2023 8:25
1412,11/05/2023 22:25,-37.7995491,144.9700432,Alert-41 B,gr1.02,3,12/05/2023 8:25
1411,11/05/2023 22:25,-37.8002068,144.9699244,Alert-41 A,gr1.02,3,12/05/2023 8:25
1410,11/05/2023 22:20,-37.7964583,144.9692656,Alert-33 A,gr1.02,2,12/05/2023 8:20
1409,11/05/2023 22:20,-37.7963939,144.9692729,Alert-33 A,gr1.02,2,12/05/2023 8:20
1408,11/05/2023 22:19,-37.7981186,144.9702939,Alert-25 A,gr1.02,2,12/05/2023 8:19
1407,11/05/2023 22:19,-37.7981867,144.9702886,Alert-25 A,gr1.02,2,12/05/2023 8:19
1406,11/05/2023 22:19,-37.8002155,144.9699314,Alert-41 A,gr1.02,2,12/05/2023 8:19
1405,11/05/2023 22:17,-37.79693258,144.9691714,Alert-33 B,gr2.03,2,12/05/2023 8:17
1404,11/05/2023 22:17,-37.796884,144.9691787,Alert-33 B,gr2.03,2,12/05/2023 8:17
1403,11/05/2023 22:17,-37.79647052,144.9692471,Alert-33 A,gr2.03,2,12/05/2023 8:17
1402,11/05/2023 22:17,-37.79641986,144.969256,Alert-33 A,gr2.03,2,12/05/2023 8:17
1401,11/05/2023 22:16,-37.79782219,144.9703808,Alert-25 B,gr2.03,2,12/05/2023 8:16
1400,11/05/2023 22:16,-37.79813955,144.9703302,Alert-25 A,gr2.03,2,12/05/2023 8:16
1399,11/05/2023 22:16,-37.79688938,144.9691565,Alert-33 B,gr3.01,1,12/05/2023 8:16
1398,11/05/2023 22:16,-37.79909692,144.9701535,Alert-41 C,gr2.03,2,12/05/2023 8:16
1397,11/05/2023 22:16,-37.79645438,144.9692594,Alert-33 A,gr3.01,1,12/05/2023 8:16
1396,11/05/2023 22:16,-37.79640724,144.9692633,Alert-33 A,gr3.01,1,12/05/2023 8:16
1395,11/05/2023 22:16,-37.79957896,144.9700865,Alert-41 B,gr2.03,2,12/05/2023 8:16
1394,11/05/2023 22:15,-37.80015868,144.969912,Alert-41 A,gr2.03,2,12/05/2023 8:15
1393,11/05/2023 22:15,-37.80022908,144.9698964,Alert-41 A,gr2.03,2,12/05/2023 8:15
1392,11/05/2023 22:15,-37.79783587,144.9703128,Alert-25 B,gr3.01,1,12/05/2023 8:15
1391,11/05/2023 22:15,-37.79818782,144.9702683,Alert-25 A,gr3.01,1,12/05/2023 8:15
1390,11/05/2023 22:14,-37.79903925,144.9701138,Alert-41 C,gr3.01,1,12/05/2023 8:14
1389,11/05/2023 22:14,-37.79907862,144.9701117,Alert-41 C,gr3.01,1,12/05/2023 8:14
1388,11/05/2023 22:14,-37.79910025,144.9701075,Alert-41 C,gr3.01,1,12/05/2023 8:14
1387,11/05/2023 22:14,-37.79955448,144.97002,Alert-41 B,gr3.01,1,12/05/2023 8:14
1386,11/05/2023 22:14,-37.79961776,144.9700019,Alert-41 B,gr3.01,1,12/05/2023 8:14
1385,11/05/2023 22:14,-37.8002195,144.9699057,Alert-41 A,gr3.01,1,12/05/2023 8:14
1384,11/05/2023 22:10,-37.79643085,144.9692501,Alert-33 A,gr2.03,1,12/05/2023 8:10
1383,11/05/2023 22:09,-37.79812675,144.9703321,Alert-25 A,gr2.03,1,12/05/2023 8:09
1382,11/05/2023 22:09,-37.80020001,144.9699781,Alert-41 A,gr2.03,1,12/05/2023 8:09
